0.002964831	
0.002123244	
0.002887354	
0.004022537	
0.001706082	
0.005881661	
0.004420791	
0.001847141	
0.002421029	
0.002039389	
0.001563148	
0.002020691	
0.00196336	
0.001286767	
0.002120801	
0.003507519	
0.003801894	
0.001623678	
0.00246888	
0.005046613	
0.002152782	
0.000694225	
0.002106202	
0.003054921	
0.001819701	
0.004471982	
0.001883649	
0.006478881	
0.000898463	
0.00474242	
0.002700847	
0.004004055	
0.001761976	
0.00316592	
0.004528976	
0.001735801	
0.004808393	
0.003221069	
0.002811901	
0.001358313	
0.002968247	
0.004135233	
0.004255984	
0.003431626	
0.000489215	
0.002754229	
0.002660725	
0.002688438	
0.002412682	
0.003198895	
0.00289068	
0.004487454	
0.004400479	
0.00374973	
0.00613762	
0.005591135	
0.003806274	
0.000490908	
0.001055602	
0.002454709	
0.009109615	
0.007430191	
0.007319813	
0.002910717	
0.005668916	
0.001442115	
0.001270574	
0.0005188	
0.006434281	
0.005140437	
0.004954502	
0.002503226	
0.002466039	
0.003806274	
0.004246196	
0.00186853	
0.001682674	
0.005489086	
0.002312065	
0.006302313	
0.008659643	
0.004786301	
0.004693534	
0.004410624	
0.005834451	
0.002317395	
0.002228435	
0.00467197	
0.002597168	
0.005604024	
0.003523709	
0.001688496	
0.000998849	
0.005539875	
0.003552221	
0.00151705	
0.003158639	
0.002981948	
0.001338135	
0.002716439	
0.00578762	
0.004144766	
0.002485994	
0.004639808	
0.000453942	
0.001081434	
0.003660159	
0.000716143	
0.003698282	
0.004310226	
0.002954609	
0.007943282	
0.003507519	
0.002398833	
0.001798871	
0.001949845	
0.001938653	
0.001202264	
0.006950243	
0.003958221	
0.00414954	
0.003823843	
0.005539875	
0.004106766	
0.004645153	
0.005734559	
0.007691304	
0.003065491	
0.003981072	
0.002549764	
0.003176874	
0.002101358	
0.003736801	
0.00522998	
0.003247132	
0.003392345	
0.003443499	
0.001581248	
0.001805095	
0.002651551	
0.003065491	
0.002954609	
0.002485994	
0.002016044	
0.006950243	
0.004560369	
0.007006482	
0.007934143	
0.004163897	
0.004092607	
0.003111716	
0.003180534	
0.001849269	
0.004971644	
0.004977371	
0.006729767	
0.003626603	
0.004508167	
0.002471724	
0.00679986	
0.002011407	
0.001995262	
0.003483373	
0.005834451	
0.004581419	
0.002725838	
0.004102041	
0.001956591	
0.002576321	
0.004385307	
0.001847141	
0.004410624	
0.006067363	
0.006784221	
0.002082092	
0.00423643	
0.005695082	
0.004390359	
0.002379578	
0.003576844	
0.00510505	
0.00572137	
0.004802861	
0.002612161	
0.001138938	
0.002108628	
0.003404082	
0.002567438	
0.005668916	
0.000615177	
0.003463379	
0.003388442	
0.003330428	
0.004226686	
0.006606934	
0.002205464	
0.002597168	
0.004340103	
0.001623678	
0.001737801	
0.002691535	
0.000611646	
0.001741807	
0.003158639	
0.004370187	
0.001909853	
0.00719449	
0.002576321	
0.002558586	
0.002992265	
0.002387811	
0.003265878	
0.003076097	
0.006375291	
0.005052426	
0.00396278	
0.001243083	
0.002766942	
0.002685344	
0.000662217	
0.005629891	
0.003572728	
0.00379315	
0.002691535	
0.000906776	
0.001467236	
0.002135502	
0.002779713	
0.003353513	
0.002145359	
0.002020691	
0.004523765	
0.005432503	
0.003349654	
0.003745415	
0.005463865	
0.001874995	
0.004758828	
0.007022633	
0.005584702	
0.002763758	
0.002004472	
0.002228435	
0.005476461	
0.005794287	
0.00726106	
0.003400165	
0.003217363	
0.00326964	
0.001128496	
0.003912911	
0.00273842	
0.002811901	
0.004456562	
0.003890451	
0.001065369	
0.002150305	
0.003198895	
0.001506607	
0.001383566	
0.003660159	
0.004290422	
0.006950243	
0.007726806	
0.005991009	
0.004769798	
0.005438761	
0.00564937	
0.003247132	
0.00744732	
0.003999447	
0.005501739	
0.006295062	
0.007063176	
0.003315126	
0.00326964	
0.001862087	
0.001881482	
0.000801678	
0.003265878	
0.002497468	
0.002067759	
0.001504874	
0.003023431	
0.004325138	
0.00374973	
0.00246888	
0.003122482	
0.003958221	
0.003299894	
0.003019952	
0.002870781	
0.001522299	
0.002669931	
0.003788785	
0.003999447	
0.004270709	
0.005655878	
0.003069022	
0.000749894	
0.002451884	
0.002460368	
0.004083194	
0.00063387	
0.001788546	
0.002357762	
0.004693534	
0.002851018	
0.004456562	
0.006338697	
0.003837072	
0.003859224	
0.003903912	
0.000995405	
0.001979247	
0.003471363	
0.005006106	
0.002844461	
0.003451437	
0.005888437	
0.00468274	
0.003556313	
0.006102391	
0.002213095	
0.002491724	
0.003047895	
0.002808665	
0.005741165	
0.003315126	
0.004841724	
0.006854882	
0.006950243	
0.003719632	
0.005834451	
0.006018663	
0.007762471	
0.003349654	
0.003065491	
0.006622165	
0.004120975	
0.001997561	
0.001997561	
0.002837919	
0.00289068	
0.003133286	
0.003664376	
0.003981072	
0.001009253	
0.001784432	
0.003037386	
0.001943122	
0.005211947	
0.007071312	
0.005017646	
0.005182031	
0.006815536	
0.007612021	
0.006338697	
0.002111057	
0.003273407	
0.00726106	
0.004875285	
0.007006482	
0.00490343	
0.002058259	
0.001745822	
0.000952796	
0.004400479	
0.000773571	
0.005552646	
0.003511559	
0.004255984	
0.000879023	
0.004808393	
0.00476431	
0.003780071	
0.004064433	
0.002666859	
0.003176874	
0.001570363	
0.00135363	
0.002404363	
0.0035359	
0.0009977	
0.00291407	
0.004073803	
0.001995262	
0.003361244	
0.00169629	
0.004726068	
0.005382698	
0.005546257	
0.003228494	
0.002691535	
0.00144544	
0.001651962	
0.001364583	
0.002679168	
0.004173496	
0.006280584	
0.003361244	
0.003767038	
0.00236592	
0.003191538	
0.005668916	
0.004802861	
0.001690441	
0.002293507	
0.002691535	
0.003702542	
0.002264644	
0.000270396	
0.003556313	
0.004726068	
0.003745415	
0.004441197	
0.003209963	
0.00307964	
0.00282163	
0.002277718	
0.001162787	
0.004041104	
0.003810658	
0.003745415	
0.002884032	
0.002355049	
0.007861402	
0.007807284	
0.003265878	
0.003311311	
0.00529054	
0.004187936	
0.001355189	
0.003431626	
0.003435579	
0.004726068	
0.004375221	
0.003423734	
0.003845918	
0.005761028	
0.00572796	
0.003115301	
0.004036454	
0.006266139	
0.005011872	
0.007277798	
0.005956621	
0.002630268	
0.003515604	
0.00613762	
0.006102391	
0.005476461	
0.006660395	
0.007638358	
0.00646398	
0.005636377	
0.005642869	
0.003668597	
0.007753539	
0.002508996	
0.001887991	
0.003944573	
0.00242661	
0.005064073	
0.001586719	
0.002786121	
0.003277178	
0.001680738	
0.002947813	
0.000527837	
0.004275629	
0.004004055	
0.003539973	
0.005623413	
0.001879317	
0.001015079	
0.002254239	
0.001568556	
0.0033458	
0.000662217	
0.001506607	
0.003040885	
0.007136742	
0.003299894	
0.002666859	
0.005339493	
0.002975089	
0.001644372	
0.00222331	
0.003108136	
0.005146358	
0.006478881	
0.005539875	
0.003775722	
0.005217951	
0.003797519	
0.002262039	
0.002443431	
0.002048802	
0.001713957	
0.00402717	
0.00697429	
0.00590881	
0.003881504	
0.004629137	
0.004897788	
0.004212113	
0.001967886	
0.002642409	
0.003958221	
0.004549881	
0.001124605	
0.003318945	
0.006784221	
0.006807694	
0.003605786	
0.004715199	
0.008820638	
0.004310226	
0.00572796	
0.004864072	
0.007294575	
0.003930972	
0.002352339	
0.002757401	
0.001715932	
0.004965923	
0.00036266	
0.00291407	
0.006180164	
0.004330121	
0.00124882	
0.003917419	
0.005591135	
0.004325138	
0.006397348	
0.004265795	
0.004769798	
0.005841172	
0.005193977	
0.006486344	
0.00691831	
0.006729767	
0.00963829	
0.003958221	
0.00676083	
0.003655948	
0.003930972	
0.001448772	
0.003277178	
0.005146358	
0.006910349	
0.004441197	
0.004083194	
0.002951209	
0.004731513	
0.001694338	
0.001475707	
0.003277178	
0.001119438	
0.00307964	
0.000396278	
0.001745822	
0.003254618	
0.006158855	
0.0026485	
0.002511886	
0.004841724	
0.005902011	
0.004130475	
0.003006076	
0.00519996	
0.002249055	
0.002460368	
0.003280953	
0.001836538	
0.003832657	
0.004365158	
0.001753881	
0.001099006	
0.002130591	
0.003254618	
0.003198895	
0.004092607	
0.005445027	
0.007762471	
0.001477406	
0.00131069	
0.005099176	
0.004693534	
0.002570396	
0.003108136	
0.002500345	
0.002947813	
0.002113489	
0.004102041	
0.001433838	
0.005058247	
0.003837072	
0.003322768	
0.000284446	
0.001015079	
0.002363197	
0.001832314	
0.005075747	
0.004602566	
0.002594179	
0.001938653	
0.007087613	
0.00620869	
0.005040806	
0.008922776	
0.006622165	
0.002786121	
0.001555966	
0.002728978	
0.002101358	
0.003819443	
0.002591194	
0.004285485	
0.001674943	
0.00196336	
0.005489086	
0.004355119	
0.003006076	
0.007507581	
0.006039486	
0.001536385	
0.006737519	
0.006375291	
0.004897788	
0.005834451	
0.007717915	
0.011091748	
0.006606934	
0.005223962	
0.004645153	
0.002084491	
0.006158855	
0.002725838	
0.00305844	
0.006251727	
0.003187866	
0.005741165	
0.006295062	
0.004948801	
0.004715199	
0.002262039	
0.003061963	
0.003985658	
0.000798914	
0.002288232	
0.001303167	
0.004487454	
0.000327718	
0.002944422	
0.003239664	
0.00419759	
0.003741106	
0.001479108	
0.003854784	
0.003384543	
0.001114295	
0.003572728	
0.001124605	
0.003999447	
0.003228494	
0.00476431	
0.005266232	
0.003443499	
0.001815516	
0.003572728	
0.005058247	
0.003694026	
0.00236592	
0.001702159	
0.000133968	
0.004931738	
0.006553903	
0.001095217	
0.000857038	
0.00572796	
0.002494595	
0.001070286	
0.004775293	
0.003605786	
0.003736801	
0.006404718	
0.005956621	
0.005170113	
0.00419276	
0.002341531	
0.003745415	
0.002480276	
0.005029213	
0.004425884	
0.005807644	
0.003845918	
0.004231555	
0.005211947	
0.005681984	
0.006419482	
0.00510505	
0.004645153	
0.003552221	
0.00375405	
0.001237371	
0.001603245	
0.004265795	
0.0035359	
0.003999447	
0.004565623	
0.005754399	
0.000809096	
0.003719632	
0.003994846	
0.008090959	
0.003815048	
0.00712853	
0.003483373	
0.005272299	
0.003935501	
0.006784221	
0.009549926	
0.007362071	
0.008619856	
0.007979947	
0.006102391	
0.004539416	
0.005559043	
0.00258226	
0.006538829	
0.004083194	
0.003953666	
0.006966265	
0.002744732	
0.007421642	
0.006737519	
0.0097051	
0.001887991	
0.002779713	
0.002630268	
0.003572728	
0.001552387	
0.002023019	
0.001306171	
0.004688134	
0.004539416	
0.004581419	
0.005339493	
0.002306747	
0.006095369	
0.002992265	
0.002944422	
0.002657664	
0.002992265	
0.001388353	
0.001606941	
0.003357376	
0.002170201	
0.001327394	
0.00608135	
0.000773571	
0.00053518	
0.002887354	
0.004231555	
0.005351802	
0.003580964	
0.001372461	
0.004390359	
0.001165467	
0.001359878	
0.000450817	
0.001684612	
0.004078496	
0.006266139	
0.002491724	
0.006434281	
0.002162719	
0.004477133	
0.003254618	
0.001855667	
0.004178304	
0.002786121	
0.00334195	
0.001669168	
0.006776415	
0.005463865	
0.003491403	
0.002837919	
0.000934329	
0.003994846	
0.009571941	
0.010964782	
0.006591739	
0.006302313	
0.004355119	
0.002155262	
0.00057544	
0.000100809	
0.002907368	
0.004370187	
0.005321083	
0.007379042	
0.001735801	
0.005266232	
0.005794287	
0.006273357	
0.005902011	
0.005266232	
0.004022537	
0.006538829	
0.003994846	
0.004994592	
0.00993116	
0.008719669	
0.009649393	
0.008689604	
0.006011737	
0.005463865	
0.006302313	
0.006675749	
0.004183117	
0.002988822	
0.00616595	
0.004207266	
0.004786301	
0.00547016	
0.010592537	
0.013167399	
0.00762079	
0.008016781	
0.003832657	
0.002096525	
0.003767038	
0.005616943	
0.00374973	
0.00222331	
0.001005773	
0.00016885	
0.002555642	
0.002454709	
0.001702159	
0.006018663	
0.005321083	
0.002415461	
0.00490343	
0.003318945	
0.00083946	
0.003361244	
0.00281514	
0.002579289	
0.003556313	
0.004847301	
0.002485994	
0.004125722	
0.008699614	
0.003784426	
0.001638702	
0.001684612	
0.001706082	
0.001859945	
0.004425884	
0.004055085	
0.00450298	
0.000696627	
0.002703958	
0.003741106	
0.003698282	
0.004581419	
0.002330773	
0.002483133	
0.004607868	
0.003868121	
0.001907656	
0.001279381	
0.002187762	
0.003254618	
0.005457579	
0.004410624	
0.004097321	
0.008007556	
0.003711077	
0.007870458	
0.007533556	
0.007603263	
0.007490314	
0.00590881	
0.003400165	
0.003912911	
0.003213661	
0.003111716	
0.00679986	
0.006591739	
0.005333349	
0.00510505	
0.003108136	
0.003668597	
0.003940034	
0.002101358	
0.007798301	
0.004420791	
0.003597493	
0.003958221	
0.002770129	
0.009749896	
0.011310974	
0.011885022	
0.010901845	
0.012119927	
0.007970765	
0.007771413	
0.005597576	
0.005508077	
0.006691138	
0.006404718	
0.002485994	
0.003511559	
0.003100987	
0.002082092	
0.008709636	
0.010839269	
0.010150794	
0.008423644	
0.004983105	
0.003507519	
0.00600482	
0.007153194	
0.003475362	
0.002603155	
0.00368129	
0.002884032	
0.000934329	
0.001245948	
0.002958012	
0.002567438	
0.003002617	
0.004497799	
0.002236145	
0.006201546	
0.004285485	
0.000935406	
0.001375625	
0.00216521	
0.003006076	
0.002621199	
0.004365158	
0.004130475	
0.005351802	
0.00419276	
0.007655966	
0.006722023	
0.003762704	
0.001065369	
0.003151374	
0.002573357	
0.001552387	
0.001768072	
0.002971666	
0.006508786	
0.006095369	
0.003503483	
0.002485994	
0.000556545	
0.004315191	
0.001324342	
0.004456562	
0.004041104	
0.004508167	
0.007362071	
0.008639727	
0.005936083	
0.00242661	
0.001625549	
0.004847301	
0.008840972	
0.01250259	
0.010315731	
0.006584154	
0.001898891	
0.001075227	
0.001890166	
0.001187135	
0.00572796	
0.009151663	
0.005827738	
0.001397977	
0.000940806	
0.005420009	
0.004135233	
0.003265878	
0.008053784	
0.005438761	
0.002002166	
0.00164248	
0.007490314	
0.009418896	
0.009141132	
0.013350576	
0.014060475	
0.00888178	
0.012632811	
0.01001152	
0.004410624	
0.006302313	
0.003967345	
0.003423734	
0.004106766	
0.002393316	
0.001292707	
0.006095369	
0.003890451	
0.01	
0.007879524	
0.009896919	
0.011350108	
0.009874156	
0.009682779	
0.005714786	
0.007328245	
0.005520774	
0.006116458	
0.006151769	
0.000968278	
0.002259436	
0.002907368	
0.004106766	
0.00462381	
0.006516284	
0.002561533	
0.000178033	
0.004914734	
0.00572137	
0.001250259	
0.002688438	
0.000811895	
0.002766942	
0.000938642	
0.005754399	
0.003376758	
0.00578762	
0.006404718	
0.009215099	
0.005584702	
0.004650504	
0.001369304	
0.002978516	
0.003664376	
0.001821797	
0.00296142	
0.00151705	
0.001563148	
0.003404082	
0.001805095	
0.004013285	
0.003006076	
0.003330428	
0.001054387	
0.000345541	
0.002517677	
0.006067363	
0.009026097	
0.008279422	
0.011981191	
0.007055048	
0.007455899	
0.009942601	
0.009343294	
0.009418896	
0.008026016	
0.007030723	
0.006508786	
0.006501297	
0.004064433	
0.001702159	
0.005708211	
0.005432503	
0.002187762	
0.004528976	
0.002357762	
0.008933055	
0.006614545	
0.005495409	
0.002870781	
0.002415461	
0.008090959	
0.012008811	
0.008118952	
0.008231898	
0.012473835	
0.012691121	
0.012260269	
0.013396767	
0.005956621	
0.007030723	
0.004709773	
0.003100987	
0.005040806	
0.00547016	
0.003523709	
0.004954502	
0.001965622	
0.005064073	
0.006360628	
0.004819478	
0.008629785	
0.0097949	
0.011981191	
0.010387236	
0.006116458	
0.010483348	
0.009015711	
0.005188	
0.008840972	
0.007603263	
0.003318945	
0.004420791	
0.000587489	
0.004565623	
0.00368553	
0.003404082	
0.002314728	
0.004926063	
0.003689776	
0.001813427	
0.004931738	
0.002735269	
0.0030304	
0.002549764	
1.09018E-05	
0.003806274	
0.002860882	
0.006018663	
0.002808665	
0.005942922	
0.00699842	
0.008800351	
0.006360628	
0.003411929	
0.002552701	
0.0033458	
0.000852119	
0.005714786	
0.001321296	
0.004704354	
0.00474242	
0.003280953	
0.001245948	
0.003277178	
0.002055891	
0.006870684	
0.005006106	
0.008953648	
0.006419482	
0.007087613	
0.008482034	
0.007888601	
0.006576578	
0.011967405	
0.00873977	
0.008501587	
0.008482034	
0.004022537	
0.004420791	
0.001903268	
0.002975089	
0.005081594	
0.005445027	
0.007533556	
0.00202535	
0.004576147	
0.003903912	
0.004168694	
0.004265795	
0.003037386	
0.0014012	
0.002941034	
0.005584702	
0.012516993	
0.006018663	
0.010519619	
0.014338377	
0.012416523	
0.008820638	
0.009682779	
0.006698846	
0.00646398	
0.006456542	
0.000431519	
0.002497468	
0.004471982	
0.003702542	
0.000989692	
0.003815048	
0.005662393	
0.000371535	
0.007055048	
0.00613762	
0.006807694	
0.010115795	
0.010387236	
0.011271975	
0.009440609	
0.00419759	
0.009965521	
0.009851446	
0.007970765	
0.007925013	
0.004255984	
0.006053409	
0.00676083	
0.005874894	
0.008570378	
0.006561453	
0.00165577	
0.003228494	
0.004212113	
0.001887991	
0.005000345	
0.006116458	
0.006606934	
0.001838654	
0.003912911	
0.003326596	
0.002446245	
0.00356041	
0.004709773	
0.006158855	
0.009141132	
0.005058247	
0.007709035	
0.003206269	
0.003195214	
0.003322768	
0.003330428	
0.003523709	
0.003061963	
0.001550601	
0.001638702	
0.006637431	
0.002703958	
0.006360628	
0.005578276	
0.008044517	
0.006784221	
0.010092529	
0.00817523	
0.009874156	
0.009151663	
0.004446313	
0.010739894	
0.008128305	
0.007861402	
0.003711077	
0.002466039	
0.005357967	
0.004139997	
0.003419794	
0.002282969	
0.005093309	
0.008100279	
0.001898891	
0.004375221	
0.002805434	
0.005407543	
0.001731809	
0.003784426	
0.002023019	
0.004758828	
0.008413951	
0.009538937	
0.008912509	
0.012430826	
0.007481695	
0.011015393	
0.010315731	
0.00450298	
0.007673615	
0.004420791	
0.002277718	
0.003771377	
0.001947601	
0.00448229	
0.005017646	
0.004629137	
0.005991009	
0.00531496	
0.006553903	
0.005333349	
0.004251087	
0.006990367	
0.00589522	
0.008260379	
0.014706184	
0.010185914	
0.014239672	
0.014354894	
0.009817479	
0.012661933	
0.011015393	
0.005794287	
0.005546257	
0.005188	
0.006244534	
0.006295062	
0.005193977	
0.007219382	
0.007585776	
0.001477406	
0.004971644	
0.008336812	
0.002766942	
0.00817523	
0.003191538	
0.004430982	
0.001081434	
0.003217363	
0.004693534	
0.005662393	
0.006215842	
0.007709035	
0.010423174	
0.006102391	
0.003544051	
0.000548909	
0.004216965	
0.004775293	
0.002651551	
0.003076097	
0.004441197	
0.002834654	
0.005714786	
0.004523765	
0.002694635	
0.00448229	
0.01023293	
0.007153194	
0.00807235	
0.004555122	
0.009462372	
0.008540828	
0.007236024	
0.013693044	
0.011816803	
0.005351802	
0.003155005	
0.002992265	
0.004747883	
0.003162278	
0.00161808	
0.005011872	
0.002789331	
0.00261517	
0.00402717	
0.007006482	
0.00289068	
0.003479365	
0.002535129	
0.008600031	
0.007943282	
0.004709773	
0.012867673	
0.010483348	
0.009571941	
0.008308067	
0.009571941	
0.005714786	
0.007879524	
0.005708211	
0.002091703	
0.00414954	
0.002298794	
0.004497799	
0.004666594	
0.003930972	
0.001213389	
0.007063176	
0.007144963	
0.003552221	
0.008590135	
0.006576578	
0.003935501	
0.006652732	
0.002552701	
0.01	
0.009015711	
0.014996848	
0.014876474	
0.011441949	
0.01372461	
0.01064143	
0.008147043	
0.012823306	
0.007498942	
0.007430191	
0.008375293	
0.004430982	
0.008902254	
0.009965521	
0.005248075	
0.004960209	
0.004914734	
0.006404718	
0.004420791	
0.010185914	
0.006360628	
0.003491403	
0.003614099	
0.008729714	
0.001796801	
0.005774309	
0.010069317	
0.009130614	
0.012302688	
0.003388442	
0.007103952	
0.004231555	
0.00610942	
0.004036454	
0.002020691	
0.005140437	
0.000678422	
0.002210548	
0.005489086	
0.008100279	
0.005604024	
0.005413772	
0.01646266	
0.0073536	
0.00873977	
0.005501739	
0.004017908	
0.00242661	
0.00451336	
0.008861352	
0.012897336	
0.005668916	
0.005420009	
0.006223003	
0.00242661	
0.003552221	
0.00589522	
0.003841493	
0.004083194	
0.003288516	
0.004988845	
0.004726068	
0.002051162	
0.005075747	
0.003767038	
0.0073536	
0.00938642	
0.008600031	
0.007979947	
0.0097051	
0.012036494	
0.006839116	
0.007286182	
0.005681984	
0.000342373	
0.004549881	
0.003605786	
0.005642869	
0.002401596	
0.001016249	
0.001133705	
0.00266379	
0.005364139	
0.002341531	
0.007709035	
0.010447202	
0.005888437	
0.003940034	
0.004251087	
0.002379578	
0.003368992	
0.007177943	
0.00726106	
0.012105981	
0.012603756	
0.01646266	
0.015452544	
0.011721954	
0.011002718	
0.012232071	
0.00679986	
0.009649393	
0.007638358	
0.005984116	
0.009451484	
0.007455899	
0.009772372	
0.006737519	
0.004753352	
0.00888178	
0.007063176	
0.007269424	
0.003326596	
0.0073536	
0.005457579	
0.008953648	
0.003618262	
0.00218273	
0.00462381	
0.01342765	
0.011337048	
0.008719669	
0.004285485	
0.003487386	
0.009162205	
0.011015393	
0.008521185	
0.001065369	
0.003184198	
0.005445027	
0.006990367	
0.010387236	
0.012050359	
0.005902011	
0.012488204	
0.012288532	
0.006039486	
0.011627866	
0.00260016	
0.00472063	
0.010926976	
0.012705741	
0.008984626	
0.011078986	
0.002317395	
0.004693534	
0.00127497	
0.003061963	
0.011389378	
0.004154321	
0.002645453	
0.006266139	
0.006652732	
0.001629296	
0.003392345	
0.006839116	
0.009268298	
0.013016673	
0.011117317	
0.008699614	
0.009408058	
0.009236342	
0.006251727	
0.007594514	
0.005495409	
0.006990367	
0.003660159	
0.00151705	
0.008165824	
0.002770129	
0.003771377	
0.003605786	
0.003572728	
0.006360628	
0.008709636	
0.007311391	
0.008128305	
0.010653689	
0.009749896	
0.005636377	
0.004954502	
0.004154321	
0.004914734	
0.003990249	
0.008317638	
0.011694994	
0.011681537	
0.014740085	
0.016846124	
0.014487719	
0.014876474	
0.008269895	
0.011297959	
0.009571941	
0.009354057	
0.009120108	
0.006982324	
0.007970765	
0.006280584	
0.007455899	
0.0073536	
0.007038822	
0.003459394	
0.003338105	
0.008521185	
0.004650504	
0.011494762	
0.00291407	
0.007673615	
0.002763758	
0.005217951	
0.013212956	
0.012647363	
0.009851446	
0.002190282	
0.009582967	
0.01216186	
0.010739894	
0.008570378	
0.004031809	
0.006280584	
0.011601122	
0.008384941	
0.013381352	
0.014454398	
0.020346982	
0.013677288	
0.018030177	
0.007577047	
0.010616956	
0.001561349	
0.003037386	
0.006831247	
0.010268334	
0.013121999	
0.00646398	
0.003100987	
0.00296142	
0.006338697	
0.004400479	
0.009225714	
0.004365158	
0.006316842	
0.007542234	
0.00726106	
0.003823843	
0.008649679	
0.010185914	
0.010964782	
0.014125375	
0.011561122	
0.006870684	
0.007277798	
0.00817523	
0.004813933	
0.008749838	
0.00699842	
0.004125722	
0.005675446	
0.002654606	
0.003451437	
0.00165577	
0.007825282	
0.002954609	
0.007879524	
0.01023293	
0.008288959	
0.010964782	
0.009516998	
0.010150794	
0.009896919	
0.006729767	
0.003745415	
0.005501739	
0.006553903	
0.004461696	
0.005578276	
0.006173053	
0.010752266	
0.011402498	
0.016143586	
0.014962357	
0.015649483	
0.011481536	
0.010531737	
0.011040786	
0.012331048	
0.011694994	
0.008892011	
0.008810489	
0.007700164	
0.007430191	
0.006493816	
0.003976491	
0.004477133	
0.008081649	
0.005376504	
0.001076465	
0.003885975	
0.003949117	
0.005110931	
0.00762079	
0.002485994	
0.006599332	
0.007087613	
0.009429746	
0.003618262	
0.004300312	
0.011015393	
0.008462526	
0.014092888	
0.002770129	
0.004335109	
0.010543869	
0.015940429	
0.013867558	
0.013197753	
0.020892961	
0.016087924	
0.010519619	
0.003380648	
0.005868134	
0.004634469	
0.00674528	
0.011939881	
0.010926976	
0.002192805	
0.002328091	
0.00531496	
0.00510505	
0.005963483	
0.008109611	
0.006295062	
0.004471982	
0.012531412	
0.004655861	
0.008026016	
0.007961594	
0.016274213	
0.012516993	
0.016014006	
0.007328245	
0.009141132	
0.009440609	
0.00616595	
0.004704354	
0.002981948	
0.007455899	
0.008639727	
0.001577611	
0.003254618	
0.001665329	
0.001070286	
0.00699842	
0.006018663	
0.00851138	
0.008260379	
0.008810489	
0.008922776	
0.009015711	
0.014060475	
0.012882496	
0.012574769	
0.001821797	
0.006018663	
0.005284453	
0.003872576	
0.008109611	
0.00522998	
0.004497799	
0.005489086	
0.008922776	
0.011350108	
0.016943378	
0.014487719	
0.015703628	
0.010435181	
0.014471049	
0.015452544	
0.00712853	
0.011994993	
0.009462372	
0.007906786	
0.009278975	
0.008922776	
0.01124605	
0.007328245	
0.005821032	
0.004661224	
0.008184648	
0.008619856	
0.003338105	
0.005636377	
0.005170113	
0.009268298	
0.003651741	
0.008260379	
0.009278975	
0.003585089	
0.007227698	
0.017080477	
0.020137242	
0.017438134	
0.002988822	
0.003483373	
0.006569011	
0.016768723	
0.01440456	
0.011468325	
0.017179084	
0.0251478	
0.015048735	
0.009141132	
0.002964831	
0.007726806	
0.008156428	
0.012459482	
0.010939564	
0.010150794	
0.00529054	
0.005081594	
0.007816278	
0.002269865	
0.004365158	
0.008147043	
0.007568329	
0.009896919	
0.004380261	
0.011389378	
0.018217971	
0.019633603	
0.013167399	
0.013182567	
0.010889301	
0.004775293	
0.005463865	
0.003548134	
0.001234525	
0.008994976	
0.008128305	
0.00616595	
0.003572728	
0.002735269	
0.001226027	
0.006698846	
0.00726106	
0.005565446	
0.008790225	
0.011066238	
0.010221156	
0.013412199	
0.012574769	
0.012473835	
0.009418896	
0.007717915	
0.003930972	
0.005623413	
0.003850348	
0.006538829	
0.004260887	
0.001751862	
0.005597576	
0.003585089	
0.002802206	
0.008580251	
0.011561122	
0.016653288	
0.014706184	
0.015977175	
0.015977175	
0.014791084	
0.012203938	
0.012092052	
0.014157938	
0.013489629	
0.011350108	
0.009225714	
0.010665961	
0.006360628	
0.008053784	
0.007103952	
0.00676083	
0.005662393	
0.007700164	
0.009908319	
0.009840111	
0.01064143	
0.004629137	
0.001109175	
0.005834451	
0.009862795	
0.008501587	
0.019186687	
0.020844909	
0.021527817	
0.008770008	
0.006902398	
0.018050947	
0.018685297	
0.018344252	
0.020206914	
0.025468303	
0.031224824	
0.021330449	
0.017298164	
0.011587774	
0.010629186	
0.011028082	
0.008501587	
0.009026097	
0.00419276	
0.00296142	
0.005017646	
0.010495424	
0.009649393	
0.007603263	
0.005868134	
0.003885975	
0.008770008	
0.007211075	
0.010459237	
0.013520726	
0.021928049	
0.015867189	
0.010519619	
0.010789467	
0.003503483	
0.005345644	
0.004965923	
0.005081594	
0.00906776	
0.004786301	
0.00679986	
0.004270709	
0.002654606	
0.006982324	
0.005266232	
0.008128305	
0.011310974	
0.01	
0.014859356	
0.013212956	
0.014256076	
0.014223288	
0.012331048	
0.014256076	
0.010209395	
0.005457579	
0.006360628	
0.005193977	
0.006375291	
0.004886524	
0.004971644	
0.006251727	
0.005069907	
0.007362071	
0.00468274	
0.007481695	
0.009078205	
0.009429746	
0.012203938	
0.01001152	
0.011494762	
0.011654671	
0.00993116	
0.016032454	
0.012531412	
0.011587774	
0.012133889	
0.012217997	
0.010801896	
0.007998343	
0.006486344	
0.001815516	
0.002463202	
0.003643343	
0.006714289	
0.01363013	
0.007647157	
0.008922776	
0.005006106	
0.010580349	
0.019769696	
0.003284732	
0.013197753	
0.02175204	
0.012956867	
0.010839269	
0.004159106	
0.015721718	
0.013167399	
0.017478333	
0.01733804	
0.023686451	
0.022935066	
0.011481536	
0.010256519	
0.007577047	
0.004380261	
0.009162205	
0.005164164	
0.006553903	
0.004977371	
0.008250875	
0.00719449	
0.006839116	
0.008902254	
0.007177943	
0.002133045	
0.002449063	
0.012022644	
0.010727536	
0.015885467	
0.014757065	
0.014774065	
0.011130124	
0.010115795	
0.004265795	
0.004802861	
0.00305844	
0.007186212	
0.005559043	
0.006151769	
0.004022537	
0.006011737	
0.007438751	
0.006862779	
0.007771413	
0.01342765	
0.012749701	
0.015417005	
0.016274213	
0.015452544	
0.01646266	
0.015848932	
0.012647363	
0.014706184	
0.013016673	
0.012217997	
0.001174898	
0.004111497	
0.00140443	
0.004451435	
0.006412096	
0.006737519	
0.002792544	
0.007046931	
0.006194411	
0.002039389	
0.00520595	
0.005514422	
0.007362071	
0.009885531	
0.009246982	
0.015794286	
0.008212966	
0.009015711	
0.014910768	
0.011735457	
0.017002	
0.01557758	
0.008222426	
0.01177606	
0.00887156	
0.008550667	
0.002561533	
0.00578096	
0.002039389	
0.012516993	
0.013031668	
0.014689263	
0.014092888	
0.006714289	
0.009300365	
0.016481624	
0.007906786	
0.011104525	
0.018663797	
0.014354894	
0.010327614	
0.015399265	
0.016050923	
0.011614486	
0.00938642	
0.003235937	
0.014174247	
0.022961486	
0.019386526	
0.008137669	
0.011521261	
0.011708466	
0.01575796	
0.011415633	
0.002585235	
0.011104525	
0.011207274	
0.015170504	
0.008953648	
0.003380648	
0.00311889	
0.005970353	
0.007807284	
0.013899526	
0.016595869	
0.01686553	
0.019386526	
0.010851755	
0.007413102	
0.008521185	
0.00835603	
0.004385307	
0.000326588	
0.006966265	
0.005578276	
0.004880901	
0.007219382	
0.007219382	
0.011078986	
0.009727472	
0.012574769	
0.015794286	
0.015867189	
0.014223288	
0.018663797	
0.015293257	
0.017041193	
0.016481624	
0.013412199	
0.018428925	
0.01678804	
0.018365383	
0.002844461	
0.003002617	
0.00472063	
0.006116458	
0.008820638	
0.008137669	
0.008026016	
0.00691831	
0.002741574	
0.005248075	
0.003511559	
0.003090295	
0.009215099	
0.010092529	
0.015275661	
0.013412199	
0.006614545	
0.012022644	
0.010519619	
0.017458222	
0.019142559	
0.015721718	
0.017418069	
0.017762333	
0.009806183	
0.014471049	
0.007798301	
0.00127497	
0.00578762	
0.007559621	
0.009162205	
0.011028082	
0.011885022	
0.015631476	
0.009817479	
0.015830696	
0.015867189	
0.007014553	
0.011614486	
0.012203938	
0.009727472	
0.018302061	
0.01925307	
0.015205475	
0.003990249	
0.003544051	
0.01678804	
0.015363848	
0.019975608	
0.020090928	
0.02048802	
0.008035261	
0.00963829	
0.01216186	
0.005571857	
0.013289236	
0.011735457	
0.017021585	
0.010423174	
0.005854637	
0.01154782	
0.014893611	
0.019032682	
0.01772148	
0.014571357	
0.010702864	
0.008679606	
0.012078138	
0.008443062	
0.007311391	
0.010256519	
0.008118952	
0.00273842	
0.002549764	
0.001780328	
0.003040885	
0.00851138	
0.012402236	
0.010423174	
0.017538805	
0.018728371	
0.015903767	
0.015222991	
0.018620871	
0.018176071	
0.018155157	
0.01157444	
0.0143054	
0.014740085	
0.019906733	
0.018535316	
0.019054607	
0.002951209	
0.005236004	
0.003311311	
0.002654606	
0.001992967	
0.005834451	
0.009908319	
0.009162205	
0.008719669	
0.00676083	
0.003111716	
0.004645153	
0.004069115	
0.006367955	
0.010889301	
0.008729714	
0.008336812	
0.008679606	
0.00978363	
0.009343294	
0.013551894	
0.021953309	
0.018620871	
0.015135612	
0.016884959	
0.018009431	
0.010690549	
0.004497799	
0.01124605	
0.016614987	
0.015434764	
0.013458604	
0.015083426	
0.019588447	
0.012882496	
0.019883828	
0.03051406	
0.021428906	
0.006266139	
0.004285485	
0.018879913	
0.022750974	
0.021183611	
0.017680722	
0.020114072	
0.013756248	
0.002540973	
0.00817523	
0.013212956	
0.019498446	
0.014655478	
0.012302688	
0.023200642	
0.012105981	
0.011117317	
0.012749701	
0.013121999	
0.008861352	
0.012022644	
0.009036495	
0.016846124	
0.015470345	
0.018556668	
0.018302061	
0.015977175	
0.015258084	
0.014791084	
0.012373712	
0.013474107	
0.010447202	
0.010715193	
0.007550922	
0.001663413	
0.00386367	
0.004914734	
0.007852356	
0.009225714	
0.014757065	
0.020558906	
0.021404249	
0.021527817	
0.020440899	
0.019724227	
0.021159237	
0.018706821	
0.019611012	
0.014487719	
0.021330449	
0.017741895	
0.020989399	
0.024043628	
0.020965248	
0.003806274	
0.004841724	
0.005520774	
0.001561349	
0.000295461	
0.002435006	
0.003926449	
0.008619856	
0.010303861	
0.008250875	
0.005023426	
0.00590881	
0.004802861	
0.00472063	
0.002844461	
0.008118952	
0.014174247	
0.012345253	
0.009817479	
0.009015711	
0.014174247	
0.022361452	
0.013708818	
0.01581248	
0.023823195	
0.017579236	
0.022080047	
0.015667511	
0.009193905	
0.020796967	
0.023254125	
0.020393887	
0.015310875	
0.013598782	
0.017885455	
0.014537844	
0.029275209	
0.031117163	
0.02579289	
0.012705741	
0.019498446	
0.02564484	
0.024126815	
0.023280913	
0.019975608	
0.021928049	
0.018009431	
0.014471049	
0.015739829	
0.029107171	
0.027164393	
0.007612021	
0.022855988	
0.014927944	
0.014190575	
0.014621772	
0.018578045	
0.017478333	
0.023933158	
0.015940429	
0.019520907	
0.018344252	
0.018988908	
0.01920879	
0.017538805	
0.012133889	
0.01250259	
0.017002	
0.010556015	
0.009343294	
0.008902254	
0.008482034	
0.001554175	
0.001276439	
0.002867477	
0.012092052	
0.021256903	
0.025585859	
0.028022056	
0.0251478	
0.022987937	
0.02128139	
0.017579236	
0.01981527	
0.017906059	
0.021404249	
0.020230192	
0.023227368	
0.025556419	
0.023067472	
0.02564484	
0.023254125	
0.008053784	
0.004400479	
0.002847738	
0.005170113	
0.002385064	
0.00590881	
0.004395416	
0.008994976	
0.008063062	
0.008346415	
0.010702864	
0.008298508	
0.009130614	
0.006823387	
0.004375221	
0.010244718	
0.009332543	
0.009977001	
0.008165824	
0.009965521	
0.010057731	
0.013396767	
0.018155157	
0.0282488	
0.025118864	
0.021478305	
0.02618183	
0.018620871	
0.016032454	
0.019498446	
0.023933158	
0.026031548	
0.020206914	
0.01064143	
0.014638615	
0.008912509	
0.020393887	
0.034355795	
0.038370725	
0.032546178	
0.009440609	
0.00468274	
0.02053525	
0.010727536	
0.001327394	
0.019975608	
0.023334581	
0.019386526	
0.025585859	
0.053027359	
0.04931738	
0.027829154	
0.03051406	
0.012531412	
0.015867189	
0.005308844	
0.012288532	
0.013915538	
0.018492686	
0.0161808	
0.008902254	
0.016143586	
0.014060475	
0.021159237	
0.018009431	
0.024154608	
0.015667511	
0.019120533	
0.017498467	
0.006039486	
0.006316842	
0.012373712	
0.009236342	
0.003467369	
0.011142945	
0.014571357	
0.024632018	
0.027893307	
0.026272415	
0.024831331	
0.019297453	
0.020558906	
0.018238957	
0.020511622	
0.019054607	
0.021928049	
0.025089962	
0.020989399	
0.023823195	
0.021928049	
0.023067472	
0.021727012	
0.009862795	
0.006886523	
0.00840427	
0.00744732	
0.006831247	
0.00578762	
0.001442115	
0.00482503	
0.003431626	
0.006486344	
0.010197648	
0.013091819	
0.011078986	
0.00699842	
0.010653689	
0.005501739	
0.005604024	
0.007396053	
0.012189896	
0.014256076	
0.013520726	
0.008719669	
0.017002	
0.019929665	
0.020796967	
0.030199517	
0.029107171	
0.02770129	
0.019678863	
0.018428925	
0.024294054	
0.035604099	
0.023014418	
0.018814817	
0.020582589	
0.011481536	
0.011654671	
0.015100802	
0.023933158	
0.027542287	
0.014706184	
0.037975194	
0.029546089	
0.026031548	
0.035359002	
0.022829689	
0.02016044	
0.024802759	
0.027957607	
0.0699842	
0.066680677	
0.03069022	
0.012516993	
0.018988908	
0.022438819	
0.000693426	
0.003732502	
0.015848932	
0.008491805	
0.006942246	
0.007438751	
0.020653802	
0.024350058	
0.017968011	
0.011654671	
0.014740085	
0.012705741	
0.010104155	
0.013614447	
0.013001696	
0.011939881	
0.012050359	
0.018620871	
0.016634127	
0.020965248	
0.02917427	
0.03051406	
0.033189446	
0.022105483	
0.019565908	
0.019010783	
0.022646443	
0.022672531	
0.020868921	
0.023768403	
0.023173946	
0.023147282	
0.02053525	
0.022803421	
0.01920879	
0.01731809	
0.018323144	
0.008984626	
0.006706563	
0.008462526	
0.005623413	
0.009896919	
0.005747778	
0.005284453	
0.005164164	
0.002540973	
0.008963962	
0.010495424	
0.012246162	
0.012941958	
0.015977175	
0.013915538	
0.007735707	
0.009965521	
0.009120108	
0.008128305	
0.012022644	
0.008729714	
0.003527768	
0.004769798	
0.010702864	
0.022987937	
0.030760968	
0.023280913	
0.027797133	
0.022935066	
0.015293257	
0.023577622	
0.022750974	
0.016162182	
0.018197009	
0.015685559	
0.017559009	
0.032621205	
0.038503481	
0.021159237	
0.031009874	
0.040086672	
0.069342581	
0.054575786	
0.047973345	
0.076383578	
0.044157045	
0.0097949	
0.034753616	
0.009862795	
0.055017392	
0.055207744	
0.030654907	
0.00949511	
0.01678804	
0.020276827	
0.020820924	
0.018134267	
0.005834451	
0.005140437	
0.007524887	
0.02048802	
0.007455899	
0.016218101	
0.011297959	
0.01123311	
0.01176251	
0.012838078	
0.009988494	
0.015830696	
0.014672361	
0.018663797	
0.020253496	
0.027989813	
0.030060763	
0.029107171	
0.03258367	
0.028740876	
0.022882317	
0.018344252	
0.018092559	
0.023713737	
0.022181964	
0.024802759	
0.022803421	
0.02538049	
0.02432204	
0.021627185	
0.022130947	
0.019860949	
0.019611012	
0.018281002	
0.015739829	
0.007030723	
0.006591739	
0.008100279	
0.007568329	
0.008035261	
0.006223003	
0.010519619	
0.008749838	
0.00676083	
0.003023431	
0.005708211	
0.007269424	
0.011376273	
0.013645831	
0.014504408	
0.011789625	
0.009246982	
0.007961594	
0.00620869	
0.007136742	
0.007744618	
0.014256076	
0.009418896	
0.011271975	
0.020346982	
0.018728371	
0.020300185	
0.028346536	
0.022961486	
0.012661933	
0.014723125	
0.024660393	
0.005970353	
0.028575905	
0.03158639	
0.023388372	
0.031550046	
0.057345587	
0.06273357	
0.045551219	
0.035727284	
0.049545019	
0.039994475	
0.030938553	
0.06095369	
0.050003453	
0.019746949	
0.058009617	
0.043201617	
0.02004472	
0.003338105	
0.016050923	
0.011259005	
0.008156428	
0.025911944	
0.039627803	
0.021379621	
0.005122713	
0.018113401	
0.01965622	
0.018492686	
0.010303861	
0.005438761	
0.008570378	
0.014206922	
0.019998619	
0.022156441	
0.016672472	
0.016962896	
0.020749135	
0.021503047	
0.032359366	
0.039719155	
0.036016375	
0.027989813	
0.027070732	
0.024547089	
0.016218101	
0.019230917	
0.021978599	
0.028773984	
0.022464668	
0.027039584	
0.023173946	
0.024378108	
0.023741054	
0.02004472	
0.018663797	
0.017968011	
0.015293257	
0.010483348	
0.008501587	
0.007700164	
0.005578276	
0.008540828	
0.009278975	
0.004650504	
0.008413951	
0.009549926	
0.006622165	
0.006546362	
0.005188	
0.001678804	
0.005445027	
0.007970765	
0.0097051	
0.010185914	
0.015048735	
0.015258084	
0.011857687	
0.011002718	
0.01599558	
0.014588143	
0.012589254	
0.006531306	
0.007879524	
0.004159106	
0.016730156	
0.024717241	
0.025322116	
0.022464668	
0.011494762	
0.021404249	
0.030938553	
0.020230192	
0.03885975	
0.050699071	
0.03258367	
0.032847324	
0.025674382	
0.04931738	
0.034994517	
0.034040819	
0.050699071	
0.08063062	
0.084139514	
0.055654463	
0.062230029	
0.018134267	
0.040973211	
0.061376201	
0.071449633	
0.064047178	
0.044309821	
0.038106582	
0.013121999	
0.023878113	
0.037627035	
0.009193905	
0.023173946	
0.042953643	
0.035399734	
0.022490546	
0.020370421	
0.020464446	
0.006645077	
0.014157938	
0.018071741	
0.031009874	
0.019952623	
0.021777098	
0.023631974	
0.028674774	
0.043651583	
0.044055486	
0.037713775	
0.024660393	
0.018217971	
0.020989399	
0.021086281	
0.024294054	
0.02256836	
0.025032256	
0.02538049	
0.025263877	
0.022935066	
0.020773037	
0.022829689	
0.018749945	
0.015922087	
0.015205475	
0.006660395	
0.008231898	
0.00308674	
0.011708466	
0.009278975	
0.010387236	
0.010387236	
0.007952433	
0.01157444	
0.009582967	
0.011803206	
0.010568175	
0.007709035	
0.010914403	
0.003523709	
0.007717915	
0.001872837	
0.007934143	
0.012589254	
0.016672472	
0.021208014	
0.02032357	
0.018071741	
0.019098533	
0.01304668	
0.010375284	
0.010752266	
0.011668096	
0.016710906	
0.021355021	
0.020417379	
0.021256903	
0.01784432	
0.036182619	
0.053456436	
0.04173496	
0.039582206	
0.042121129	
0.054701596	
0.078614019	
0.061094202	
0.054262525	
0.081096106	
0.11994993	
0.129867356	
0.154170045	
0.162367835	
0.142396725	
0.120920518	
0.094406088	
0.053951062	
0.014028137	
0.079158945	
0.086596432	
0.047973345	
0.048977882	
0.02579289	
0.037800714	
0.040086672	
0.028086654	
0.042854852	
0.038994199	
0.028510183	
0.024859936	
0.028543025	
0.023713737	
0.011654671	
0.021256903	
0.016087924	
0.028773984	
0.021232445	
0.025176769	
0.026760856	
0.029922646	
0.040831939	
0.037153523	
0.023850638	
0.019906733	
0.010801896	
0.020393887	
0.020820924	
0.024802759	
0.026607251	
0.024688801	
0.026915348	
0.024182433	
0.023550493	
0.018793168	
0.014239672	
0.01561349	
0.008570378	
0.009682779	
0.002418243	
0.005099176	
0.007861402	
0.00835603	
0.008063062	
0.012203938	
0.010616956	
0.007629569	
0.012445146	
0.010375284	
0.015867189	
0.011207274	
0.012105981	
0.009908319	
0.010851755	
0.012545847	
0.004178304	
0.003475362	
0.009840111	
0.019520907	
0.025263877	
0.025351286	
0.024888573	
0.018945235	
0.009594006	
0.019054607	
0.018450154	
0.016672472	
0.009364832	
0.007542234	
0.02128139	
0.023254125	
0.015940429	
0.042266861	
0.061094202	
0.04013285	
0.004937419	
0.019929665	
0.093003651	
0.128380777	
0.106536886	
0.077090347	
0.104954243	
0.137562481	
0.124882044	
0.094080583	
0.117760597	
0.141579378	
0.147570653	
0.14571357	
0.153815464	
0.096493931	
0.049488011	
0.074387506	
0.038592241	
0.01575796	
0.029785164	
0.05834451	
0.051939767	
0.024802759	
0.028411882	
0.018749945	
0.001686553	
0.017398027	
0.030619634	
0.029006812	
0.019186687	
0.012705741	
0.016653288	
0.014808123	
0.021183611	
0.026730064	
0.0281514	
0.028906799	
0.032771778	
0.027542287	
0.015506008	
0.016710906	
0.019883828	
0.020917029	
0.025882129	
0.020300185	
0.024888573	
0.025852348	
0.027893307	
0.023659197	
0.018706821	
0.016481624	
0.007550922	
0.004360136	
0.0022413	
0.004083194	
0.004954502	
0.011455129	
0.011297959	
0.003775722	
0.004920395	
0.008250875	
0.006839116	
0.011885022	
0.009289664	
0.009942601	
0.011284959	
0.011155782	
0.014757065	
0.011297959	
0.013835664	
0.009440609	
0.008649679	
0.00835603	
0.00282163	
0.012531412	
0.013016673	
0.014141647	
0.013835664	
0.008560517	
0.013835664	
0.019142559	
0.016069413	
0.007906786	
0.007063176	
0.014655478	
0.017906059	
0.018113401	
0.008580251	
0.023713737	
0.046827395	
0.019769696	
0.053210826	
0.098174794	
0.146554784	
0.153815464	
0.141905752	
0.129121927	
0.088920112	
0.110662378	
0.172782598	
0.178443199	
0.132739446	
0.157761127	
0.197696964	
0.180925591	
0.170019995	
0.144710485	
0.10964782	
0.127057411	
0.10543869	
0.062517269	
0.009462372	
0.030619634	
0.026915348	
0.009289664	
0.031224824	
0.03990249	
0.033075011	
0.03051406	
0.035399734	
0.053272122	
0.037757219	
0.028674774	
0.0251478	
0.038770375	
0.024688801	
0.029682467	
0.03013006	
0.029512092	
0.03250873	
0.022777182	
0.020677594	
0.022207517	
0.03083188	
0.022882317	
0.027637579	
0.021232445	
0.026977394	
0.024182433	
0.019498446	
0.016443717	
0.006614545	
0.005040806	
0.002679168	
0.005915616	
0.00375405	
0.006478881	
0.010690549	
0.01177606	
0.010901845	
0.00202535	
0.005158222	
0.003908409	
0.005956621	
0.009772372	
0.003365116	
0.011885022	
0.008994976	
0.008600031	
0.013243415	
0.009671637	
0.011614486	
0.007387543	
0.013137115	
0.012416523	
0.01440456	
0.009682779	
0.006599332	
0.011708466	
0.012402236	
0.012661933	
0.012189896	
0.006345999	
0.010069317	
0.012808551	
0.004340103	
0.009473272	
0.018513989	
0.015381546	
0.008203515	
0.013121999	
0.019431217	
0.022207517	
0.096827786	
0.118576875	
0.110789857	
0.07362071	
0.153992653	
0.225164542	
0.185780446	
0.187931682	
0.266685866	
0.308673965	
0.263026799	
0.228296892	
0.213304491	
0.186637969	
0.147061842	
0.128973356	
0.084139514	
0.070307232	
0.089742879	
0.098061831	
0.085506671	
0.041879357	
0.015488166	
0.026546056	
0.022594358	
0.063386971	
0.073536	
0.056819839	
0.04880901	
0.069582495	
0.057876199	
0.040597566	
0.037931498	
0.054575786	
0.042953643	
0.033806484	
0.031768741	
0.024917244	
0.038282474	
0.034753616	
0.037757219	
0.034434993	
0.03689776	
0.033113112	
0.029957116	
0.027829154	
0.020558906	
0.01727826	
0.01001152	
0.006652732	
0.003885975	
0.00676083	
0.007664785	
0.014791084	
0.011066238	
0.012331048	
0.009560927	
0.009036495	
0.007834296	
0.004544645	
0.004639808	
0.007277798	
0.003872576	
0.00296142	
0.004858475	
0.007473086	
0.005339493	
0.007771413	
0.007507581	
0.008902254	
0.007211075	
0.006768618	
0.009594006	
0.014437766	
0.019453601	
0.01304668	
0.007379042	
0.01727826	
0.011053505	
0.019010783	
0.005217951	
0.014028137	
0.026730064	
0.031805337	
0.026576635	
0.03051406	
0.017559009	
0.030026174	
0.023577622	
0.018988908	
0.026822546	
0.068076936	
0.11708466	
0.090991327	
0.049945918	
0.155238701	
0.232006419	
0.251478001	
0.230674719	
0.251767693	
0.289067988	
0.312248241	
0.283791903	
0.267916832	
0.248313311	
0.234692926	
0.21110572	
0.195659077	
0.228296892	
0.161808004	
0.073029781	
0.078614019	
0.130767554	
0.068944559	
0.04819478	
0.076295689	
0.040644333	
0.089330548	
0.10363346	
0.07014553	
0.056104798	
0.074989421	
0.060325371	
0.051404365	
0.056169428	
0.06116458	
0.050933087	
0.037887853	
0.03258367	
0.027733201	
0.046612243	
0.047478829	
0.038949331	
0.037325016	
0.037411059	
0.034713628	
0.02256836	
0.018578045	
0.009078205	
0.008118952	
0.005807644	
0.006622165	
0.008679606	
0.011871347	
0.009300365	
0.010127447	
0.009616123	
0.006032537	
0.002215644	
0.003288516	
0.008231898	
0.002277718	
0.004425884	
0.006776415	
0.00108893	
0.005407543	
0.007879524	
0.005152286	
0.001525808	
0.001294196	
0.002371374	
0.001780328	
0.006776415	
0.010889301	
0.008749838	
0.009289664	
0.009738678	
0.001912053	
0.015685559	
0.020820924	
0.010162487	
0.007014553	
0.012589254	
0.016330519	
0.030304003	
0.02907368	
0.034994517	
0.038994199	
0.028873538	
0.039810717	
0.039582206	
0.011898713	
0.026607251	
0.088104887	
0.121059813	
0.104712855	
0.191866874	
0.307609681	
0.288735378	
0.191866874	
0.189889084	
0.265766355	
0.271643927	
0.260015956	
0.23795783	
0.214042493	
0.212569035	
0.281190083	
0.279576073	
0.203235701	
0.29342695	
0.255858589	
0.170411932	
0.090677596	
0.134896288	
0.076559661	
0.062445335	
0.11939881	
0.057809605	
0.057279603	
0.079432823	
0.046827395	
0.048083935	
0.062301715	
0.058546374	
0.050640735	
0.046827395	
0.050350061	
0.043802611	
0.036643757	
0.036140986	
0.038592241	
0.051109308	
0.047697981	
0.033342641	
0.027797133	
0.016672472	
0.020440899	
0.014808123	
0.007682455	
0.012331048	
0.014655478	
0.016274213	
0.016943378	
0.010495424	
0.008892011	
0.006966265	
0.003026913	
0.005217951	
0.003819443	
0.006116458	
0.010447202	
0.008840972	
0.006382635	
0.005266232	
0.00474242	
0.007559621	
0.010256519	
0.007211075	
0.006338697	
0.006251727	
0.00620869	
0.0013122	
0.002529298	
0.006561453	
0.006046444	
0.006258929	
0.002523481	
0.002591194	
0.015275661	
0.021577444	
0.019543395	
0.010939564	
0.001636817	
0.018050947	
0.022233099	
0.023768403	
0.006599332	
0.021627185	
0.018450154	
0.041162335	
0.06273357	
0.055526462	
0.022054641	
0.041975898	
0.09560927	
0.122743923	
0.15153048	
0.254389979	
0.327340695	
0.263936832	
0.180094313	
0.182599675	
0.272583774	
0.271956849	
0.244624528	
0.231739465	
0.19498446	
0.132129563	
0.23577622	
0.329989408	
0.267916832	
0.278933066	
0.22361452	
0.190985326	
0.138356638	
0.152756606	
0.134586035	
0.039719155	
0.085901352	
0.067920363	
0.021677041	
0.047315126	
0.031153009	
0.033419504	
0.059360835	
0.053456436	
0.026884378	
0.039673453	
0.033496544	
0.044463127	
0.039627803	
0.042218228	
0.032998941	
0.02864178	
0.030654907	
0.022310022	
0.022829689	
0.017498467	
0.012956867	
0.013091819	
0.016014006	
0.015885467	
0.01552387	
0.016672472	
0.015381546	
0.006854882	
0.000749031	
0.002747894	
0.008165824	
0.006698846	
0.008639727	
0.007879524	
0.009484185	
0.010580349	
0.003258367	
0.007825282	
0.005761028	
0.011721954	
0.015399265	
0.005152286	
0.011389378	
0.008689604	
0.005035006	
0.00589522	
0.007014553	
0.002947813	
0.000239332	
0.005761028	
0.002732121	
0.009840111	
0.023334581	
0.02175204	
0.009057326	
0.012749701	
0.014239672	
0.021527817	
0.025061093	
0.023631974	
0.01191242	
0.007798301	
0.040878975	
0.073790423	
0.078704579	
0.02864178	
0.046184899	
0.098401111	
0.106905488	
0.101391139	
0.186637969	
0.290736796	
0.323593657	
0.31153009	
0.321366054	
0.316227766	
0.363915036	
0.385034815	
0.366015941	
0.325836701	
0.319153786	
0.259417936	
0.251188643	
0.351155925	
0.355222118	
0.371963221	
0.271019163	
0.248885732	
0.196788629	
0.110027185	
0.179680108	
0.11939881	
0.049147338	
0.089639619	
0.025322116	
0.054890856	
0.045972699	
0.01936422	
0.05370318	
0.040086672	
0.023120648	
0.032359366	
0.034514374	
0.046398079	
0.046451528	
0.036433425	
0.021727012	
0.010162487	
0.007211075	
0.015848932	
0.009440609	
0.019929665	
0.019998619	
0.01678804	
0.019275249	
0.013474107	
0.008580251	
0.010209395	
0.006878599	
0.001303167	
0.004092607	
0.009693933	
0.010150794	
0.012246162	
0.009582967	
0.010363346	
0.006652732	
0.006807694	
0.000577431	
0.002725838	
0.002418243	
0.011142945	
0.009364832	
0.010789467	
0.017100153	
0.009874156	
0.009364832	
0.009977001	
0.009408058	
0.004125722	
0.003618262	
0.005807644	
0.008943345	
0.011561122	
0.013551894	
0.009660509	
0.012050359	
0.021478305	
0.021256903	
0.034593938	
0.027258377	
0.024547089	
0.011297959	
0.019998619	
0.056819839	
0.062373484	
0.034713628	
0.050234259	
0.125314117	
0.153638479	
0.121338885	
0.177214805	
0.299571159	
0.336124369	
0.284118818	
0.290402265	
0.368128974	
0.414476584	
0.45289758	
0.475882791	
0.493741918	
0.412572237	
0.382384254	
0.3672823	
0.314774831	
0.327717777	
0.280866537	
0.353590021	
0.279576073	
0.289734359	
0.294442163	
0.150660707	
0.1650061	
0.179680108	
0.075075805	
0.099197334	
0.043201617	
0.0529054	
0.059772304	
0.016481624	
0.046719695	
0.040644333	
0.025941794	
0.031988951	
0.031045596	
0.023415315	
0.026121614	
0.020630037	
0.019341939	
0.024126815	
0.01784432	
0.016443717	
0.022646443	
0.022387211	
0.029648314	
0.021159237	
0.014655478	
0.006237348	
0.001764006	
0.004295364	
0.008327219	
0.009594006	
0.009462372	
0.01374042	
0.007161434	
0.008423644	
0.006854882	
0.007269424	
0.00260016	
0.003930972	
0.001330454	
0.004183117	
0.00482503	
0.011939881	
0.006449113	
0.006675749	
0.009908319	
0.001356751	
0.004226686	
0.006902398	
0.001096478	
0.004415704	
0.007989139	
0.007682455	
0.00963829	
0.015118197	
0.015170504	
0.023200642	
0.025032256	
0.01772148	
0.012971793	
0.025409727	
0.024406191	
0.030095392	
0.030725574	
0.042510871	
0.055590426	
0.023795783	
0.053951062	
0.140442968	
0.185353162	
0.181760706	
0.226464431	
0.331131121	
0.3672823	
0.297508926	
0.244624528	
0.310455959	
0.408789752	
0.446169625	
0.446169625	
0.450297981	
0.539510623	
0.526017266	
0.505824662	
0.514043652	
0.442588372	
0.427562886	
0.298194755	
0.417349598	
0.370680722	
0.172385209	
0.292752087	
0.279576073	
0.173780083	
0.205825889	
0.110917482	
0.092044957	
0.051701126	
0.068312472	
0.073705518	
0.017478333	
0.044207912	
0.061446903	
0.038770375	
0.023094045	
0.019975608	
0.02971666	
0.028216296	
0.033189446	
0.029107171	
0.034395371	
0.040784956	
0.035481339	
0.03634963	
0.021330449	
0.019230917	
0.008609938	
0.00691831	
0.00572137	
0.013137115	
0.009538937	
0.016443717	
0.011415633	
0.00520595	
0.008250875	
0.002233572	
0.007038822	
0.000808165	
0.004083194	
0.004909079	
0.0096272	
0.000984011	
0.003372873	
0.003265878	
0.012764388	
0.011402498	
0.007490314	
0.010977413	
0.005827738	
0.003694026	
0.003706807	
0.005761028	
0.011967405	
0.019611012	
0.014604947	
0.014740085	
0.006675749	
0.020749135	
0.028022056	
0.014060475	
0.005023426	
0.00116681	
0.018793168	
0.020892961	
0.039039118	
0.037110773	
0.050176458	
0.052601727	
0.038949331	
0.109395637	
0.172186857	
0.153815464	
0.209893988	
0.335351304	
0.358096437	
0.262724153	
0.280220562	
0.366437575	
0.431022558	
0.465586094	
0.44874539	
0.419758984	
0.396734529	
0.526017266	
0.552713408	
0.555264617	
0.559113528	
0.512861384	
0.506990708	
0.349140315	
0.494310687	
0.503500609	
0.249172437	
0.243781082	
0.323593657	
0.181134009	
0.222587104	
0.138197441	
0.10543869	
0.07744618	
0.057809605	
0.087801109	
0.034994517	
0.043251383	
0.072027775	
0.056623929	
0.047206304	
0.037887853	
0.041638972	
0.037325016	
0.024632018	
0.028707806	
0.026424088	
0.037110773	
0.028940098	
0.023988329	
0.015135612	
0.003668597	
0.007055048	
0.012373712	
0.009162205	
0.011871347	
0.003868121	
0.004487454	
0.000335738	
0.007816278	
0.007961594	
0.010115795	
0.013076755	
0.011534533	
0.014174247	
0.011130124	
0.014554591	
0.004560369	
0.002897344	
0.00726106	
0.009885531	
0.00938642	
0.005272299	
0.01428894	
0.01503142	
0.007464488	
0.013677288	
0.017926686	
0.013137115	
0.016368165	
0.019386526	
0.010162487	
0.009582967	
0.031153009	
0.028773984	
0.017538805	
0.011953635	
0.017218686	
0.040318095	
0.038547836	
0.037025421	
0.026791683	
0.047588279	
0.069582495	
0.102565193	
0.139476166	
0.14723125	
0.150314197	
0.298882165	
0.370254205	
0.320258009	
0.32099628	
0.456036916	
0.495450191	
0.473696308	
0.471519871	
0.512861384	
0.551442202	
0.524203601	
0.592243087	
0.588166114	
0.584790084	
0.555904257	
0.530273593	
0.557185749	
0.407849562	
0.418311689	
0.436515832	
0.336511569	
0.306196343	
0.33923449	
0.181760706	
0.251188643	
0.158854675	
0.132281771	
0.124022363	
0.0281514	
0.099884937	
0.05476461	
0.002349633	
0.027669416	
0.032998941	
0.046989411	
0.036940264	
0.038062736	
0.028411882	
0.020796967	
0.009874156	
0.007396053	
0.011181498	
0.005006106	
0.007211075	
0.015222991	
0.013458604	
0.011694994	
0.015867189	
0.008260379	
0.003372873	
0.009141132	
0.010303861	
0.013412199	
0.016653288	
0.017885455	
0.018009431	
0.025118864	
0.017021585	
0.014706184	
0.016274213	
0.01494514	
0.008953648	
0.010839269	
0.006768618	
0.010139114	
0.010851755	
0.010653689	
0.007798301	
0.007269424	
0.004410624	
0.009236342	
0.008260379	
0.012647363	
0.007438751	
0.010616956	
0.014808123	
0.023823195	
0.036057864	
0.018685297	
0.017218686	
0.024717241	
0.027510596	
0.0510505	
0.054890856	
0.040271703	
0.009193905	
0.025971677	
0.085901352	
0.130918192	
0.147910839	
0.164816239	
0.227771824	
0.324713242	
0.315137438	
0.28477378	
0.396278034	
0.52480746	
0.472063041	
0.392193146	
0.451336025	
0.560402417	
0.642687717	
0.631684179	
0.636062805	
0.592925325	
0.635330932	
0.643428065	
0.583445104	
0.547015963	
0.493173804	
0.522396189	
0.458141887	
0.339625273	
0.322849412	
0.39536662	
0.23361461	
0.247172415	
0.205352503	
0.110280823	
0.134121994	
0.048977882	
0.076824546	
0.044309821	
0.06345999	
0.059497676	
0.029140701	
0.027478942	
0.022750974	
0.026001596	
0.017599487	
0.01947601	
0.01979247	
0.024945947	
0.026668587	
0.017298164	
0.022829689	
0.005821032	
0.017538805	
0.00614469	
0.008521185	
0.005546257	
0.009908319	
0.014454398	
0.019054607	
0.019076557	
0.01599558	
0.021256903	
0.014321879	
0.022855988	
0.019010783	
0.014979593	
0.013583134	
0.018009431	
0.010777053	
0.013931568	
0.006675749	
0.007498942	
0.015506008	
0.009851446	
0.004645153	
0.01342765	
0.011207274	
0.007396053	
0.014740085	
0.022130947	
0.023550493	
0.014740085	
0.02175204	
0.021527817	
0.017559009	
0.021379621	
0.034197944	
0.041257224	
0.043351088	
0.058546374	
0.064342806	
0.038904514	
0.001547035	
0.023442288	
0.077357068	
0.123452532	
0.160879238	
0.210377844	
0.234422882	
0.293764965	
0.313328572	
0.349140315	
0.445143463	
0.50874482	
0.444631267	
0.414954043	
0.504661298	
0.58681337	
0.683911647	
0.718621158	
0.742164198	
0.633140362	
0.601866263	
0.653130553	
0.608835546	
0.460786769	
0.39536662	
0.515822165	
0.528445252	
0.399024902	
0.246603934	
0.353590021	
0.28840315	
0.232541249	
0.252638771	
0.131371149	
0.106047394	
0.086496792	
0.11415633	
0.031045596	
0.074558987	
0.09332543	
0.070307232	
0.021404249	
0.012647363	
0.019701532	
0.009484185	
0.010876771	
0.021677041	
0.032062693	
0.044360864	
0.023094045	
0.02304093	
0.012260269	
0.019142559	
0.004275629	
0.012232071	
0.014893611	
0.018923436	
0.02004472	
0.016069413	
0.011468325	
0.009862795	
0.016904409	
0.01342765	
0.017864876	
0.015488166	
0.011967405	
0.018836491	
0.019098533	
0.011534533	
0.01216186	
0.004920395	
0.011415633	
0.01342765	
0.004534193	
0.011130124	
0.01534617	
0.013076755	
0.013851602	
0.020230192	
0.031477483	
0.027893307	
0.016710906	
0.022029265	
0.015014124	
0.013365955	
0.034593938	
0.041257224	
0.034873858	
0.047206304	
0.057543994	
0.065690112	
0.062158425	
0.036685969	
0.031841975	
0.046935343	
0.096161228	
0.178854553	
0.225164542	
0.214042493	
0.318419752	
0.441062363	
0.462913664	
0.497737085	
0.545757861	
0.563637656	
0.576766463	
0.607435263	
0.691034929	
0.868960429	
0.93218047	
0.923634188	
0.785235635	
0.656145266	
0.685488226	
0.68706844	
0.597723045	
0.528445252	
0.515228645	
0.455512186	
0.453419298	
0.32322132	
0.258821292	
0.279576073	
0.277012904	
0.276694165	
0.191205332	
0.110407862	
0.071614341	
0.166532883	
0.101274475	
0.045919801	
0.075596206	
0.067530505	
0.038681205	
0.036099401	
0.043551187	
0.033342641	
0.022233099	
0.023120648	
0.033113112	
0.047478829	
0.022335722	
0.024660393	
0.017660378	
0.030338912	
0.020511622	
0.025763212	
0.021086281	
0.017968011	
0.013258671	
0.011310974	
0.006088355	
0.004560369	
0.014655478	
0.010952166	
0.020558906	
0.017438134	
0.018113401	
0.015083426	
0.020582589	
0.010375284	
0.009151663	
0.010616956	
0.014223288	
0.006675749	
0.010303861	
0.015275661	
0.010162487	
0.003711077	
0.012203938	
0.016962896	
0.020965248	
0.024603676	
0.009429746	
0.005170113	
0.014621772	
0.036940264	
0.043401026	
0.03047895	
0.009738678	
0.003213661	
0.025003454	
0.027574015	
0.059292532	
0.041447658	
0.037540495	
0.054387613	
0.101507937	
0.180301774	
0.24688801	
0.24350058	
0.359749335	
0.45708819	
0.42805542	
0.45498806	
0.599791076	
0.654636174	
0.655390286	
0.649381632	
0.736207097	
0.904690438	
0.908866299	
0.865964323	
0.747308634	
0.647142616	
0.721107479	
0.735359995	
0.711213514	
0.761202139	
0.708761306	
0.457614735	
0.476430987	
0.416389721	
0.231739465	
0.340800325	
0.292752087	
0.271643927	
0.212324446	
0.113501082	
0.065087861	
0.142232879	
0.090364947	
0.006025596	
0.040831939	
0.033265955	
0.0281514	
0.031878656	
0.036433425	
0.026576635	
0.018967059	
0.01164126	
0.038238425	
0.046665938	
0.023686451	
0.032885163	
0.025118864	
0.037931498	
0.030373861	
0.031695675	
0.019431217	
0.00851138	
0.003239664	
0.008336812	
0.005949768	
0.007430191	
0.017864876	
0.007861402	
0.018197009	
0.017218686	
0.010280163	
0.010423174	
0.013152248	
0.004977371	
0.001772148	
0.010069317	
0.007112135	
0.003408003	
0.010876771	
0.011053505	
0.01124605	
0.001076465	
0.009215099	
0.012516993	
0.0165577	
0.013708818	
0.007294575	
0.02004472	
0.031260794	
0.045185594	
0.037844258	
0.012416523	
0.024434306	
0.032471324	
0.044463127	
0.048696753	
0.079615935	
0.071614341	
0.069103493	
0.093972331	
0.095499259	
0.137879595	
0.23361461	
0.325087297	
0.42805542	
0.460256574	
0.424130984	
0.522997966	
0.711213514	
0.738754263	
0.732824533	
0.738754263	
0.765596607	
0.859013522	
0.834641548	
0.836565596	
0.720277751	
0.614469032	
0.731981323	
0.810027942	
0.853100114	
0.887156012	
0.760326277	
0.444631267	
0.592925325	
0.531496	
0.179887092	
0.405041945	
0.306902199	
0.273841963	
0.22361452	
0.095829672	
0.133045442	
0.1	
0.047863009	
0.072193816	
0.057676646	
0.019678863	
0.023094045	
0.023067472	
0.024575366	
0.015830696	
0.012473835	
0.024266101	
0.039536662	
0.042461956	
0.022777182	
0.026946353	
0.012064241	
0.025497641	
0.017100153	
0.01629296	
0.002703958	
0.010139114	
0.011104525	
0.01840772	
0.013995873	
0.011028082	
0.018113401	
0.006784221	
0.012133889	
0.010702864	
0.008729714	
0.007594514	
0.009332543	
0.005284453	
0.009749896	
0.006531306	
0.005236004	
0.013567505	
0.009660509	
0.00610942	
0.020630037	
0.016387021	
0.017782794	
0.019701532	
0.023988329	
0.021503047	
0.014774065	
0.020206914	
0.022908677	
0.027637579	
0.023227368	
0.018365383	
0.037887853	
0.026454527	
0.060883555	
0.06675749	
0.089846259	
0.071285303	
0.062661386	
0.088511561	
0.088409717	
0.14437766	
0.26915348	
0.363496305	
0.430031234	
0.469353434	
0.50234259	
0.605340875	
0.686277878	
0.667574901	
0.762956891	
0.839459987	
0.799834255	
0.847227414	
0.904690438	
0.985144643	
0.851138038	
0.732824533	
0.800755629	
0.917275935	
0.99884937	
0.941889597	
0.761202139	
0.49945918	
0.703882228	
0.654636174	
0.265155109	
0.389045145	
0.322106879	
0.278291537	
0.266072506	
0.11363183	
0.158124804	
0.073198132	
0.059703529	
0.118850223	
0.081940762	
0.043301207	
0.01494514	
0.017885455	
0.016014006	
0.021627185	
0.011735457	
0.017762333	
0.029342695	
0.031045596	
0.008443062	
0.013258671	
0.004036454	
0.010387236	
0.007647157	
0.018901662	
0.015667511	
0.015452544	
0.013772095	
0.020346982	
0.013016673	
0.005533501	
0.017218686	
0.006894456	
0.01650061	
0.010690549	
0.008570378	
0.012823306	
0.017139573	
0.00851138	
0.016614987	
0.007387543	
0.005146358	
0.018092559	
0.009473272	
0.015434764	
0.025556419	
0.01920879	
0.024774221	
0.020653802	
0.021928049	
0.017559009	
0.006215842	
0.013614447	
0.02564484	
0.03758374	
0.040504195	
0.048028608	
0.033767585	
0.025852348	
0.058009617	
0.061944108	
0.065993323	
0.039355008	
0.047424199	
0.078614019	
0.122179966	
0.195884467	
0.281838293	
0.310098739	
0.381944271	
0.519995997	
0.597723045	
0.643428065	
0.606038201	
0.584117207	
0.768245456	
0.871966901	
0.790678628	
0.859013522	
0.981747943	
1.069054879	
0.993116048	
0.981747943	
0.949510999	
0.926829823	
0.942974611	
0.826989509	
0.720277751	
0.662979348	
0.647888095	
0.512861384	
0.35604099	
0.447713304	
0.326964047	
0.22855988	
0.316592046	
0.115744403	
0.101624869	
0.069103493	
0.076032628	
0.065313055	
0.043451022	
0.051345218	
0.053456436	
0.038106582	
0.028674774	
0.023173946	
0.016274213	
0.024099054	
0.035156044	
0.032471324	
0.013979769	
0.025497641	
0.011297959	
0.02016044	
0.014437766	
0.025527013	
0.014825181	
0.012008811	
0.007328245	
0.009473272	
0.007413102	
0.009908319	
0.014571357	
0.01177606	
0.017358013	
0.013121999	
0.013061709	
0.014223288	
0.020067811	
0.008892011	
0.012078138	
0.007585776	
0.005152286	
0.014757065	
0.006531306	
0.015739829	
0.024974684	
0.011953635	
0.013867558	
0.016481624	
0.01650061	
0.012897336	
0.016923882	
0.022803421	
0.036685969	
0.032471324	
0.033458002	
0.036982818	
0.02432204	
0.01619944	
0.034793651	
0.041686938	
0.065237904	
0.056623929	
0.082129655	
0.124022363	
0.144543977	
0.208929613	
0.284118818	
0.306196343	
0.440047948	
0.603253708	
0.651628394	
0.652379041	
0.617305292	
0.65012969	
0.797076491	
0.830806719	
0.758577575	
0.896396186	
0.990831945	
1.018591388	
1.041118108	
1.111731727	
1.069054879	
0.952796164	
0.869961433	
0.803526122	
0.76647854	
0.680769359	
0.630957344	
0.48250298	
0.394457302	
0.444631267	
0.368553042	
0.21802184	
0.335737614	
0.134276496	
0.063023135	
0.123026877	
0.102920053	
0.024917244	
0.042072663	
0.070388223	
0.057345587	
0.038815037	
0.025438998	
0.023094045	
0.001223207	
0.031188896	
0.042805542	
0.046291366	
0.029376497	
0.042657952	
0.019998619	
0.031805337	
0.020796967	
0.02053525	
0.010115795	
0.006870684	
0.008840972	
0.017680722	
0.013583134	
0.009225714	
0.017398027	
0.011310974	
0.01965622	
0.019633603	
0.014996848	
0.018113401	
0.022908677	
0.005520774	
0.013350576	
0.007861402	
0.008317638	
0.017823788	
0.010174194	
0.011694994	
0.021978599	
0.011104525	
0.011614486	
0.010914403	
0.015452544	
0.009862795	
0.016481624	
0.024917244	
0.031296805	
0.028444611	
0.032998941	
0.040878975	
0.028086654	
0.017298164	
0.040040547	
0.051701126	
0.087397699	
0.079341426	
0.091939047	
0.118032064	
0.116949939	
0.202069143	
0.289067988	
0.337287309	
0.458669646	
0.569508224	
0.584117207	
0.555264617	
0.594292159	
0.703882228	
0.827942164	
0.806306201	
0.76647854	
0.924698174	
0.948418463	
0.910961452	
0.921509889	
0.949510999	
0.995405417	
1.023292992	
0.963829024	
0.959400632	
0.917275935	
0.617305292	
0.580096173	
0.645654229	
0.46665938	
0.353997341	
0.418311689	
0.305492111	
0.274473234	
0.162742132	
0.097836295	
0.110662378	
0.087599172	
0.018728371	
0.064416927	
0.077179152	
0.052541202	
0.043601356	
0.044360864	
0.038994199	
0.01157444	
0.027733201	
0.03801894	
0.0510505	
0.021428906	
0.030549211	
0.019678863	
0.030338912	
0.011142945	
0.020725261	
0.009099133	
0.012647363	
0.010592537	
0.017947336	
0.011441949	
0.008861352	
0.018092559	
0.009408058	
0.022080047	
0.020183664	
0.012867673	
0.017080477	
0.021928049	
0.007542234	
0.011376273	
0.004251087	
0.006493816	
0.017100153	
0.013412199	
0.011168632	
0.025205772	
0.015631476	
0.017518624	
0.021928049	
0.026699308	
0.021453591	
0.006251727	
0.018793168	
0.027039584	
0.038370725	
0.052541202	
0.059429216	
0.036475395	
0.036433425	
0.054325033	
0.063826349	
0.097723722	
0.068312472	
0.062086903	
0.066527316	
0.099540542	
0.214783047	
0.290736796	
0.318419752	
0.433510878	
0.509917598	
0.506990708	
0.510505	
0.630957344	
0.778932815	
0.908866299	
0.91622049	
0.906775965	
1.006931669	
0.970509967	
0.928966387	
0.910961452	
0.895364766	
0.941889597	
1.04592369	
1.099005839	
1.066596121	
0.991973339	
0.7120328	
0.572136955	
0.590880966	
0.458141887	
0.407380278	
0.443098214	
0.362242998	
0.148251809	
0.230144182	
0.174783326	
0.074301914	
0.107151931	
0.045761473	
0.036770539	
0.053210826	
0.041447658	
0.03976491	
0.033265955	
0.030095392	
0.004395416	
0.027637579	
0.03801894	
0.052601727	
0.019611012	
0.027289778	
0.009919733	
0.023577622	
0.007311391	
0.01925307	
0.009343294	
0.01494514	
0.009193905	
0.014604947	
0.010507515	
0.00963829	
0.018620871	
0.008974288	
0.023227368	
0.018302061	
0.010471285	
0.012288532	
0.018749945	
0.007071312	
0.008035261	
0.007311391	
0.009761128	
0.016614987	
0.011389378	
0.006839116	
0.025003454	
0.018814817	
0.016106456	
0.022181964	
0.024717241	
0.013489629	
0.003935501	
0.017021585	
0.029040227	
0.044360864	
0.045972699	
0.043551187	
0.020820924	
0.027289778	
0.030269134	
0.042315551	
0.069582495	
0.052966344	
0.067220231	
0.085310011	
0.10556015	
0.201836636	
0.287078058	
0.351965423	
0.460256574	
0.516416369	
0.488652359	
0.521795104	
0.676082975	
0.773570679	
0.879022517	
0.951699848	
0.976112782	
1.042317429	
1.035142167	
1.049542429	
1.015079367	
0.99884937	
1.01976476	
1.012744749	
1.053173687	
1.053173687	
1.015079367	
0.853100114	
0.632411851	
0.394457302	
0.394911699	
0.535796658	
0.436013564	
0.392193146	
0.111814982	
0.313328572	
0.209170291	
0.067686179	
0.161250103	
0.082413812	
0.019633603	
0.04830588	
0.039673453	
0.01840772	
0.022233099	
0.023388372	
0.021978599	
0.03040885	
0.046881338	
0.045394162	
0.015848932	
0.027415742	
0.010221156	
0.016768723	
0.007252705	
0.006419482	
0.004461696	
0.013304544	
0.007735707	
0.01646266	
0.011271975	
0.006926279	
0.018793168	
0.013458604	
0.023388372	
0.017762333	
0.009571941	
0.010629186	
0.016218101	
0.005508077	
0.007798301	
0.015667511	
0.008433348	
0.009005338	
0.015903767	
0.008800351	
0.019769696	
0.016519618	
0.016576773	
0.024917244	
0.030199517	
0.023307731	
0.007473086	
0.020582589	
0.035440513	
0.04013285	
0.027637579	
0.040784956	
0.035850895	
0.022335722	
0.044822905	
0.052119471	
0.083752928	
0.092257143	
0.112072743	
0.145545908	
0.138835331	
0.1733804	
0.293764965	
0.422182279	
0.514635807	
0.532108259	
0.50234259	
0.566891572	
0.717794291	
0.756832895	
0.826989509	
0.92789749	
0.973867785	
1.08517555	
1.146832521	
1.188502227	
1.010415501	
0.902609707	
0.997700064	
1.008091609	
0.922571427	
1	
1.082679715	
0.897428795	
0.638998737	
0.329989408	
0.412572237	
0.566891572	
0.39994475	
0.395822065	
0.172385209	
0.326587832	
0.189452351	
0.079250133	
0.161994399	
0.085113804	
0.059020108	
0.063314036	
0.043351088	
0.023227368	
0.026332979	
0.027289778	
0.029785164	
0.029580125	
0.028608824	
0.030269134	
0.007455899	
0.015417005	
0.012927067	
0.014571357	
0.009354057	
0.006032537	
0.005364139	
0.011601122	
0.011721954	
0.014859356	
0.010889301	
0.009977001	
0.01428894	
0.016143586	
0.020183664	
0.010739894	
0.009738678	
0.015048735	
0.020630037	
0.002205464	
0.012574769	
0.016614987	
0.001030386	
0.017041193	
0.025176769	
0.007603263	
0.024888573	
0.022387211	
0.012971793	
0.016538648	
0.025497641	
0.021978599	
0.005388898	
0.013614447	
0.027227013	
0.034593938	
0.03047895	
0.053456436	
0.057876199	
0.035604099	
0.065765784	
0.07816278	
0.099083194	
0.095719407	
0.117625098	
0.161808004	
0.159587915	
0.165576996	
0.301300602	
0.436013564	
0.536413871	
0.563637656	
0.557827602	
0.666806769	
0.838494079	
0.833681185	
0.862978548	
0.971627952	
1.017419366	
1.162786551	
1.247383514	
1.309181923	
1.08517555	
0.931107875	
1.054386896	
1.061695557	
0.88511561	
0.915166259	
1.00461579	
0.818464788	
0.721938163	
0.515822165	
0.405975663	
0.534564359	
0.48028608	
0.343557948	
0.224388192	
0.2831392	
0.097723722	
0.120781384	
0.138835331	
0.068155357	
0.065539029	
0.050874482	
0.024015963	
0.025061093	
0.032471324	
0.021877616	
0.044411966	
0.027829154	
0.009005338	
0.013304544	
0.025556419	
0.012691121	
0.02032357	
0.012632811	
0.010629186	
0.004471982	
0.001680738	
0.006039486	
0.004430982	
0.004954502	
0.005675446	
0.015559656	
0.011337048	
0.018113401	
0.019769696	
0.013076755	
0.009616123	
0.015685559	
0.019120533	
0.0017002	
0.014537844	
0.017002	
0.001809256	
0.018492686	
0.018428925	
0.001172195	
0.021827299	
0.019724227	
0.012838078	
0.015048735	
0.01920879	
0.012618275	
0.01124605	
0.014588143	
0.031952144	
0.03944573	
0.037627035	
0.02880713	
0.033304276	
0.008560517	
0.051582217	
0.059224309	
0.092682982	
0.085802511	
0.10363346	
0.161250103	
0.178443199	
0.209411246	
0.318786558	
0.408319386	
0.553350109	
0.65012969	
0.642687717	
0.722769804	
0.895364766	
0.878011087	
0.873976993	
1.010415501	
1.092697627	
1.233104833	
1.234525315	
1.301667316	
1.150800389	
1.115578151	
1.20503594	
1.133704838	
1.037528416	
0.988553095	
0.91622049	
0.789768849	
0.868960429	
0.673751895	
0.349140315	
0.48028608	
0.597723045	
0.33419504	
0.244061907	
0.263026799	
0.093756201	
0.139476166	
0.114551294	
0.073536	
0.081096106	
0.049659232	
0.017060824	
0.020868921	
0.020511622	
0.022724796	
0.03801894	
0.023067472	
0.01727826	
0.031550046	
0.021330449	
0.018923436	
0.013182567	
0.019275249	
0.013031668	
0.010080916	
0.011561122	
0.008231898	
0.001667247	
0.009215099	
0.00277332	
0.010690549	
0.010715193	
0.016481624	
0.016274213	
0.01629296	
0.004830588	
0.008433348	
0.016710906	
0.0073536	
0.011481536	
0.008790225	
0.011803206	
0.019230917	
0.01534617	
0.010268334	
0.018988908	
0.011803206	
0.013536301	
0.01081434	
0.019453601	
0.020230192	
0.018176071	
0.008580251	
0.034001651	
0.058952198	
0.062589286	
0.054262525	
0.032658783	
0.011601122	
0.05597576	
0.079250133	
0.121338885	
0.10104155	
0.101274475	
0.145881426	
0.163305195	
0.245753663	
0.351965423	
0.387257645	
0.559113528	
0.720277751	
0.731981323	
0.777141319	
0.93218047	
0.937562007	
0.924698174	
1.033951101	
1.15212606	
1.344311767	
1.331987042	
1.338135215	
1.156112242	
1.122018454	
1.157444032	
1.12331097	
1.227439231	
1.178962523	
0.925763385	
0.763835784	
0.825087485	
0.634599901	
0.440554864	
0.440554864	
0.49147338	
0.306196343	
0.278933066	
0.224905461	
0.130016958	
0.114287833	
0.058277377	
0.116412603	
0.115877736	
0.080445175	
0.030026174	
0.012867673	
0.017864876	
0.022935066	
0.000821297	
0.034833732	
0.054200089	
0.065162839	
0.030867396	
0.04385307	
0.022750974	
0.037540495	
0.021305906	
0.024015963	
0.016595869	
0.011284959	
0.006032537	
0.010411181	
0.005604024	
0.00356041	
0.011376273	
0.003527768	
0.012882496	
0.014808123	
0.007979947	
0.006404718	
0.012430826	
0.009225714	
0.017478333	
0.006067363	
0.005188	
0.019453601	
0.016387021	
0.009582967	
0.011994993	
0.010459237	
0.002190282	
0.00600482	
0.016768723	
0.022829689	
0.009908319	
0.010363346	
0.013289236	
0.040691153	
0.054075432	
0.055847019	
0.038503481	
0.004983105	
0.064714262	
0.078252821	
0.119536353	
0.093648322	
0.095829672	
0.125747685	
0.142396725	
0.242381796	
0.357684401	
0.363915036	
0.493173804	
0.68706844	
0.728618175	
0.738754263	
0.859013522	
0.944060876	
0.987415636	
1.054386896	
1.142878335	
1.350516828	
1.347410725	
1.325867118	
1.178962523	
1.149476243	
1.125900469	
1.066596121	
1.145512941	
1.131097389	
0.915166259	
0.756832895	
0.797994687	
0.631684179	
0.586138165	
0.534564359	
0.399024902	
0.263026799	
0.305140603	
0.194088588	
0.113240036	
0.103157308	
0.080816493	
0.108517555	
0.1	
0.076032628	
0.053210826	
0.041114972	
0.042559841	
0.057876199	
0.02304093	
0.055911353	
0.06060382	
0.077179152	
0.048417237	
0.050234259	
0.031513744	
0.048250298	
0.028543025	
0.034276779	
0.024015963	
0.017139573	
0.017680722	
0.0165577	
0.010556015	
0.005827738	
0.010977413	
0.008749838	
0.009977001	
0.010023052	
0.003483373	
0.008194076	
0.010069317	
0.004960209	
0.011310974	
0.008443062	
0.005714786	
0.010964782	
0.016519618	
0.015118197	
0.007989139	
0.015048735	
0.011297959	
0.016923882	
0.024575366	
0.024859936	
0.007038822	
0.012516993	
0.020773037	
0.028022056	
0.031805337	
0.040086672	
0.030902954	
0.008540828	
0.051820309	
0.063826349	
0.101274475	
0.082129655	
0.096605088	
0.123737119	
0.137404198	
0.248885732	
0.36982818	
0.374541547	
0.444119661	
0.62445335	
0.672202309	
0.688652296	
0.798913942	
0.914113241	
1.017419366	
1.105350469	
1.128495938	
1.199499303	
1.132400363	
1.135010816	
1.082679715	
1.12331097	
1.082679715	
0.978362955	
0.900533763	
0.925763385	
0.894334532	
0.778932815	
0.802601561	
0.669884609	
0.639734835	
0.547015963	
0.438026111	
0.259119442	
0.263633139	
0.193196832	
0.09183326	
0.107894672	
0.113501082	
0.06982324	
0.0529054	
0.072610596	
0.072443596	
0.055718575	
0.033884416	
0.035563132	
0.007236024	
0.03634963	
0.04880901	
0.062301715	
0.034873858	
0.03944573	
0.020230192	
0.034753616	
0.029107171	
0.03949117	
0.031805337	
0.020253496	
0.015922087	
0.017947336	
0.009151663	
0.012764388	
0.003723917	
0.013708818	
0.013819744	
0.010839269	
0.006729767	
0.014876474	
0.019929665	
0.002338837	
0.011803206	
0.012232071	
0.005774309	
0.014774065	
0.019186687	
0.013182567	
0.009343294	
0.018620871	
0.004251087	
0.001492794	
0.01374042	
0.011844044	
0.008035261	
0.008423644	
0.029750893	
0.05597576	
0.047369631	
0.036433425	
0.024688801	
0.008472274	
0.045446454	
0.052966344	
0.091306144	
0.086297855	
0.094514839	
0.125025903	
0.138516019	
0.247172415	
0.363078055	
0.363496305	
0.39994475	
0.541377248	
0.62445335	
0.705504844	
0.80723503	
0.859013522	
0.959400632	
1.090184492	
1.107898565	
1.086425624	
0.973867785	
0.978362955	
0.995405417	
1.061695557	
0.926829823	
0.908866299	
0.93648322	
0.926829823	
0.847227414	
0.662979348	
0.680769359	
0.71285303	
0.662979348	
0.505824662	
0.473151259	
0.289067988	
0.24603676	
0.222330989	
0.106536886	
0.099197334	
0.119811912	
0.05984116	
0.042024253	
0.079983426	
0.090782053	
0.066450767	
0.06116458	
0.033884416	
0.023173946	
0.017100153	
0.026393683	
0.027101916	
0.003810658	
0.026091557	
0.010447202	
0.013505168	
0.003601638	
0.012373712	
0.009885531	
0.003894933	
0.005110931	
0.007673615	
0.008861352	
0.008974288	
0.014190575	
0.014689263	
0.024802759	
0.016846124	
0.018642322	
0.023905619	
0.025497641	
0.004207266	
0.018009431	
0.014321879	
0.001898891	
0.014740085	
0.01231686	
0.008820638	
0.020796967	
0.010665961	
0.01231686	
0.020440899	
0.021428906	
0.027989813	
0.013708818	
0.01331987	
0.026424088	
0.053765043	
0.050524264	
0.036266029	
0.030796403	
0.003435579	
0.047043541	
0.056558776	
0.06478881	
0.046184899	
0.056819839	
0.095499259	
0.12927067	
0.210135777	
0.292752087	
0.311171634	
0.415432051	
0.529053997	
0.560402417	
0.649381632	
0.735359995	
0.713674205	
0.749031359	
0.869961433	
0.961612278	
1.010415501	
0.92789749	
0.947327185	
1.071519305	
1.109174815	
0.893305484	
0.858025115	
1.053173687	
1.035142167	
0.860003067	
0.645654229	
0.630231346	
0.625172693	
0.467735141	
0.481393254	
0.519995997	
0.239331576	
0.315863905	
0.296824674	
0.10280163	
0.066374307	
0.118440437	
0.093648322	
0.056234133	
0.049374192	
0.044207912	
0.022987937	
0.040691153	
0.037931498	
0.024547089	
0.015830696	
0.000925763	
0.019543395	
0.02113489	
0.016162182	
0.02971666	
0.034914032	
0.035399734	
0.021062019	
0.024266101	
0.024043628	
0.022284351	
0.022882317	
0.020276827	
0.024378108	
0.026091557	
0.027164393	
0.02971666	
0.023550493	
0.014044297	
0.022542392	
0.021677041	
0.00719449	
0.016538648	
0.010150794	
0.006902398	
0.02032357	
0.01840772	
0.008649679	
0.025497641	
0.019032682	
0.010519619	
0.016519618	
0.021232445	
0.017418069	
0.005800962	
0.019724227	
0.026946353	
0.030619634	
0.025263877	
0.037454155	
0.040831939	
0.027195685	
0.062878185	
0.070469307	
0.075162289	
0.028477378	
0.03767038	
0.096050582	
0.141416473	
0.199296651	
0.247742206	
0.274789415	
0.46665938	
0.588843655	
0.561047976	
0.594976757	
0.719448978	
0.713674205	
0.700648183	
0.746448758	
0.855066713	
1.005773063	
0.954992586	
0.969393269	
1.015079367	
1.039920166	
0.923634188	
0.82224265	
1.003459849	
1.033951101	
0.853100114	
0.691034929	
0.628781854	
0.518800039	
0.323593657	
0.509330871	
0.51227127	
0.250899618	
0.34040819	
0.254976409	
0.096605088	
0.078795243	
0.083368118	
0.079250133	
0.057411646	
0.027227013	
0.013979769	
0.018113401	
0.018945235	
0.029342695	
0.027637579	
0.005584702	
0.001529326	
0.024350058	
0.023307731	
0.024350058	
0.029140701	
0.034474661	
0.034474661	
0.021110572	
0.03069022	
0.028281341	
0.024945947	
0.021627185	
0.021802184	
0.032136605	
0.026151704	
0.025118864	
0.029580125	
0.01629296	
0.012779092	
0.021379621	
0.017680722	
0.007825282	
0.016923882	
0.012589254	
0.001164126	
0.011155782	
0.020393887	
0.008100279	
0.013258671	
0.006493816	
0.004634469	
0.005874894	
0.008810489	
0.013756248	
0.006412096	
0.025615333	
0.03634963	
0.037110773	
0.034673685	
0.042510871	
0.041399967	
0.020725261	
0.073029781	
0.081002794	
0.086696188	
0.050176458	
0.061446903	
0.110280823	
0.149795925	
0.217520403	
0.29006812	
0.314050869	
0.460256574	
0.58681337	
0.545757861	
0.564286941	
0.718621158	
0.765596607	
0.765596607	
0.798913942	
0.864967919	
0.966050879	
0.959400632	
1.001151956	
0.958296716	
0.948418463	
0.953893743	
0.887156012	
1.037528416	
1.036334604	
0.835603018	
0.630957344	
0.514043652	
0.489215265	
0.493741918	
0.432513831	
0.393550075	
0.399484561	
0.31153009	
0.118987133	
0.193865264	
0.155238701	
0.027605779	
0.037196322	
0.047424199	
0.044463127	
0.029040227	
0.040086672	
0.024831331	
0.032658783	
0.03353513	
0.014371431	
0.014354894	
0.015977175	
0.012705741	
0.014076672	
0.013756248	
0.029580125	
0.026424088	
0.027605779	
0.033419504	
0.022233099	
0.028608824	
0.015794286	
0.020393887	
0.026546056	
0.015258084	
0.022698649	
0.018365383	
0.005308844	
0.014638615	
0.021552616	
0.01619944	
0.00311889	
0.005565446	
0.01599558	
0.011654671	
0.00520595	
0.013365955	
0.013756248	
0.008016781	
0.00386367	
0.013381352	
0.011455129	
0.004022537	
0.010592537	
0.021902818	
0.015363848	
0.033689922	
0.044822905	
0.043601356	
0.043301207	
0.032173625	
0.003797519	
0.042218228	
0.056169428	
0.079799469	
0.061944108	
0.066527316	
0.115478198	
0.123452532	
0.186423218	
0.294103369	
0.343953711	
0.436013564	
0.514635807	
0.490907876	
0.576102819	
0.737055175	
0.777141319	
0.826989509	
0.896396186	
0.902609707	
0.99655208	
1.011579454	
1.061695557	
0.982878873	
0.877000821	
0.857037845	
0.80723503	
0.864967919	
0.856051712	
0.785235635	
0.65012969	
0.548276965	
0.494880111	
0.526017266	
0.358921935	
0.387703749	
0.392193146	
0.2529298	
0.111429453	
0.199986187	
0.131069004	
0.031732187	
0.065993323	
0.059910094	
0.059360835	
0.045394162	
0.043003123	
0.021355021	
0.011350108	
0.015595525	
0.022490546	
0.018197009	
0.018578045	
0.010727536	
0.007753539	
0.003388442	
0.022156441	
0.01761976	
0.025941794	
0.02538049	
0.016014006	
0.017021585	
0.016255488	
0.017218686	
0.021777098	
0.014223288	
0.024462453	
0.015135612	
0.009560927	
0.019906733	
0.020820924	
0.014190575	
0.008026016	
0.002713314	
0.008649679	
0.009354057	
0.010876771	
0.007825282	
0.013121999	
0.019565908	
0.015452544	
0.013212956	
0.01503142	
0.009616123	
0.001406048	
0.013335214	
0.015381546	
0.024154608	
0.036475395	
0.040597566	
0.035974934	
0.019952623	
0.016691678	
0.049659232	
0.060743526	
0.07277798	
0.052299797	
0.058884366	
0.097050997	
0.126619327	
0.193196832	
0.276057786	
0.312248241	
0.395822065	
0.441062363	
0.461848992	
0.618728328	
0.773570679	
0.775353943	
0.846252569	
0.939723311	
0.899497582	
0.976112782	
1.009252886	
1.003459849	
0.873976993	
0.735359995	
0.726942399	
0.659933234	
0.621584248	
0.671428853	
0.694224602	
0.672976656	
0.627335696	
0.478630092	
0.488652359	
0.443608644	
0.424130984	
0.270395836	
0.253512863	
0.116144861	
0.135987816	
0.073113908	
0.063973484	
0.070876131	
0.038459178	
0.066911382	
0.059772304	
0.041257224	
0.018620871	
0.006753051	
0.032247793	
0.045972699	
0.041686938	
0.033689922	
0.006088355	
0.017498467	
0.013474107	
0.010162487	
0.00691831	
0.006360628	
0.009451484	
0.007780366	
0.005388898	
0.009874156	
0.004451435	
0.002837919	
0.003217363	
0.008194076	
0.00578096	
0.007861402	
0.011015393	
0.010629186	
0.008851156	
0.00206063	
0.014060475	
0.013061709	
0.002603155	
0.014723125	
0.022594358	
0.006223003	
0.01936422	
0.01646266	
0.004461696	
0.010069317	
0.007473086	
0.010580349	
0.020300185	
0.020558906	
0.032136605	
0.030902954	
0.034158595	
0.051582217	
0.047151987	
0.030654907	
0.058748935	
0.078976885	
0.086896043	
0.05451299	
0.036812897	
0.071039517	
0.111686325	
0.182179707	
0.248027594	
0.285759054	
0.402717034	
0.45656225	
0.460786769	
0.573455867	
0.665273156	
0.621584248	
0.699036737	
0.824138115	
0.801678063	
0.841395142	
0.866961876	
0.898462593	
0.825087485	
0.754223396	
0.790678628	
0.768245456	
0.743875063	
0.75596206	
0.703882228	
0.616595002	
0.593608348	
0.533334895	
0.540132115	
0.406911534	
0.357684401	
0.292752087	
0.286088236	
0.051939767	
0.152580839	
0.107770525	
0.089330548	
0.05984116	
0.024802759	
0.072527048	
0.067142885	
0.045603692	
0.013598782	
0.017021585	
0.049090788	
0.0529054	
0.044207912	
0.030095392	
0.030095392	
0.021355021	
0.007269424	
0.00719449	
0.016923882	
0.014354894	
0.017002	
0.029957116	
0.029546089	
0.026061535	
0.024126815	
0.022987937	
0.019860949	
0.020892961	
0.023933158	
0.014206922	
0.006404718	
0.009215099	
0.014272498	
0.008749838	
0.017139573	
0.018113401	
0.010764652	
0.01331987	
0.024099054	
0.004120975	
0.01164126	
0.010034598	
0.002429405	
0.004270709	
0.002860882	
0.017041193	
0.033458002	
0.030338912	
0.036266029	
0.025733568	
0.013899526	
0.030549211	
0.034119291	
0.019275249	
0.03908409	
0.062230029	
0.063386971	
0.03990249	
0.044926232	
0.077714132	
0.107398941	
0.179473363	
0.230940446	
0.215278173	
0.358921935	
0.48752849	
0.4852885	
0.524203601	
0.572796031	
0.569508224	
0.646397994	
0.741310241	
0.743875063	
0.784332119	
0.793414257	
0.858025115	
0.835603018	
0.779830111	
0.809095899	
0.786140191	
0.802601561	
0.837529282	
0.788860118	
0.638998737	
0.525412015	
0.496592321	
0.481393254	
0.288735378	
0.321736253	
0.304789499	
0.209170291	
0.059292532	
0.140119958	
0.077803655	
0.094623716	
0.048361526	
0.047478829	
0.069582495	
0.05242036	
0.027195685	
0.010046158	
0.011002718	
0.047588279	
0.038503481	
0.040738028	
0.033845427	
0.055590426	
0.039582206	
0.037540495	
0.017198873	
0.021928049	
0.021928049	
0.024859936	
0.033304276	
0.032359366	
0.030164769	
0.033923449	
0.034873858	
0.03593354	
0.037931498	
0.037282068	
0.027957607	
0.025438998	
0.0282488	
0.028840315	
0.00572137	
0.008346415	
0.014371431	
0.007925013	
0.008619856	
0.011155782	
0.007655966	
0.017198873	
0.013505168	
0.017988709	
0.015381546	
0.010423174	
0.004534193	
0.024294054	
0.034237339	
0.045498806	
0.042805542	
0.034276779	
0.026001596	
0.014223288	
0.023795783	
0.045708819	
0.057676646	
0.048977882	
0.033227679	
0.036940264	
0.070469307	
0.100809161	
0.199756077	
0.287078058	
0.250610925	
0.307255737	
0.433510878	
0.417830367	
0.403645393	
0.50640735	
0.625172693	
0.721938163	
0.761202139	
0.696626514	
0.741310241	
0.770903469	
0.811895249	
0.756832895	
0.675305054	
0.659173895	
0.604644351	
0.64491132	
0.722769804	
0.676861793	
0.545129896	
0.435010761	
0.373250158	
0.405041945	
0.305844025	
0.314050869	
0.25556419	
0.177214805	
0.133813522	
0.084333476	
0.094406088	
0.11415633	
0.039673453	
0.050176458	
0.0699842	
0.040691153	
0.024126815	
0.027039584	
0.020230192	
0.030234306	
0.0251478	
0.025882129	
0.004581419	
0.031513744	
0.027733201	
0.030549211	
0.02529298	
0.034514374	
0.026393683	
0.026061535	
0.0281514	
0.029207878	
0.031477483	
0.025674382	
0.026546056	
0.03069022	
0.034954251	
0.0362243	
0.027195685	
0.029410337	
0.039856577	
0.034474661	
0.002707073	
0.00360994	
0.004415704	
0.0083946	
0.014239672	
0.013091819	
0.008026016	
0.01731809	
0.011708466	
0.007079458	
0.012531412	
0.011803206	
0.010604739	
0.008709636	
0.007771413	
0.017378008	
0.027101916	
0.036057864	
0.038238425	
0.035156044	
0.019186687	
0.04013285	
0.050061055	
0.061588553	
0.057279603	
0.048977882	
0.066527316	
0.059156163	
0.142232879	
0.220800473	
0.23659197	
0.320626932	
0.405508535	
0.391741877	
0.380627358	
0.465050376	
0.572796031	
0.669884609	
0.719448978	
0.672202309	
0.71039517	
0.743019138	
0.75248873	
0.648634434	
0.618728328	
0.647142616	
0.561694278	
0.564936975	
0.648634434	
0.59020108	
0.508159443	
0.45656225	
0.35440513	
0.373680125	
0.319153786	
0.300261742	
0.252057718	
0.174180687	
0.149107676	
0.095389374	
0.098061831	
0.099655208	
0.036982818	
0.019588447	
0.045133603	
0.032359366	
0.016710906	
0.009321805	
0.019076557	
0.034001651	
0.043601356	
0.040926066	
0.023388372	
0.014060475	
0.015977175	
0.004260887	
0.011402498	
0.01838654	
0.013899526	
0.020440899	
0.025556419	
0.026668587	
0.027797133	
0.022516454	
0.02128139	
0.019952623	
0.019076557	
0.020749135	
0.018428925	
0.019319683	
0.030760968	
0.027289778	
0.001087677	
0.010568175	
0.005834451	
0.003315126	
0.008336812	
0.015541753	
0.005734559	
0.009408058	
0.012793813	
0.008851156	
0.008269895	
0.013016673	
0.013899526	
0.009130614	
0.019611012	
0.018259967	
0.012882496	
0.019275249	
0.024071325	
0.026884378	
0.010435181	
0.026946353	
0.053579666	
0.080816493	
0.067608298	
0.067920363	
0.074473197	
0.077357068	
0.137879595	
0.175994866	
0.179887092	
0.280866537	
0.350348288	
0.345143739	
0.405975663	
0.496592321	
0.504080619	
0.533334895	
0.628058359	
0.679986045	
0.711213514	
0.644169266	
0.593608348	
0.515228645	
0.521795104	
0.551442202	
0.474788291	
0.479181453	
0.567544605	
0.590880966	
0.541377248	
0.453419298	
0.320258009	
0.320258009	
0.34554133	
0.26915348	
0.232809126	
0.146049475	
0.132434154	
0.132586712	
0.025733568	
0.066069345	
0.047315126	
0.006722023	
0.043701868	
0.046078677	
0.049888449	
0.038592241	
0.027542287	
0.016904409	
0.024717241	
0.025003454	
0.022181964	
0.01885819	
0.020253496	
0.011481536	
0.014223288	
0.008308067	
0.01157444	
0.01250259	
0.012105981	
0.016691678	
0.020206914	
0.019611012	
0.020021656	
0.01733804	
0.018217971	
0.019142559	
0.005584702	
0.009605058	
0.017599487	
0.011830416	
0.002968247	
0.006675749	
0.008443062	
0.007550922	
0.003859224	
0.01216186	
0.009516998	
0.001757924	
0.007915895	
0.012008811	
0.008933055	
0.014521116	
0.017885455	
0.021379621	
0.022054641	
0.024378108	
0.032998941	
0.031513744	
0.025118864	
0.017660378	
0.007934143	
0.025089962	
0.052662321	
0.071367421	
0.049773708	
0.035522212	
0.034434993	
0.07542234	
0.165767734	
0.195433946	
0.203704208	
0.273526873	
0.313328572	
0.278612117	
0.335351304	
0.444119661	
0.474788291	
0.500610553	
0.550807696	
0.594976757	
0.623734835	
0.534564359	
0.532721224	
0.50874482	
0.43052661	
0.361409863	
0.390840896	
0.441570447	
0.405975663	
0.441062363	
0.433012068	
0.347936508	
0.316956746	
0.354813389	
0.34316264	
0.175792361	
0.264850014	
0.166341265	
0.088715601	
0.113762729	
0.016672472	
0.098061831	
0.067297666	
0.004425884	
0.051168184	
0.066527316	
0.06591739	
0.05794287	
0.038592241	
0.014655478	
0.010435181	
0.013931568	
0.027797133	
0.011803206	
0.013583134	
0.01599558	
0.007568329	
0.012260269	
0.010556015	
0.002651551	
0.005520774	
0.006926279	
0.008128305	
0.011844044	
0.016576773	
0.012402236	
0.018281002	
0.015399265	
0.010280163	
0.007421642	
0.011939881	
0.007177943	
0.008147043	
0.00646398	
0.001725838	
0.010256519	
0.013137115	
0.00108268	
0.01164126	
0.007888601	
0.003758374	
0.007998343	
0.003854784	
0.001491077	
0.005774309	
0.009605058	
0.016595869	
0.024859936	
0.035604099	
0.034197944	
0.026915348	
0.02048802	
0.016691678	
0.017198873	
0.034954251	
0.0616595	
0.04830588	
0.046935343	
0.057610282	
0.051109308	
0.101157945	
0.177214805	
0.199756077	
0.268225461	
0.334965439	
0.298194755	
0.262724153	
0.296824674	
0.392193146	
0.516416369	
0.538269783	
0.503500609	
0.505242645	
0.446683592	
0.498884487	
0.553350109	
0.474788291	
0.426579519	
0.52480746	
0.522997966	
0.346337885	
0.33923449	
0.33419504	
0.303738609	
0.336511569	
0.295460889	
0.204408994	
0.177214805	
0.247742206	
0.144211535	
0.06675749	
0.049945918	
0.041447658	
0.071449633	
0.029006812	
0.017762333	
0.027321214	
0.036391504	
0.027289778	
0.039264494	
0.022620385	
0.009099133	
0.018556668	
0.017906059	
0.028346536	
0.018793168	
0.026668587	
0.033884416	
0.02880713	
0.028216296	
0.019386526	
0.02225871	
0.022464668	
0.01650061	
0.01629296	
0.010057731	
0.01216186	
0.013031668	
0.015275661	
0.016749429	
0.00971628	
0.011857687	
0.014011996	
0.015452544	
0.007211075	
0.013289236	
0.005881661	
0.007915895	
0.011284959	
0.009549926	
0.009215099	
0.0165577	
0.011694994	
0.00724436	
0.008165824	
0.008550667	
0.008007556	
0.005489086	
0.008600031	
0.023550493	
0.035440513	
0.025941794	
0.009527962	
0.005956621	
0.01378796	
0.002789331	
0.015794286	
0.036266029	
0.046184899	
0.056558776	
0.080352612	
0.065841543	
0.077268059	
0.158489319	
0.188799135	
0.194536008	
0.263633139	
0.281190083	
0.22855988	
0.200447203	
0.295120923	
0.42854852	
0.506990708	
0.471519871	
0.489778819	
0.450297981	
0.439541615	
0.511093079	
0.488652359	
0.452376462	
0.500610553	
0.505242645	
0.411149721	
0.373250158	
0.283791903	
0.24266101	
0.284446111	
0.2256836	
0.213059057	
0.224646678	
0.117354568	
0.141579378	
0.088715601	
0.01840772	
0.081846479	
0.046827395	
0.004187936	
0.018302061	
0.025205772	
0.032885163	
0.023334581	
0.017478333	
0.013121999	
0.023442288	
0.018050947	
0.012897336	
0.011481536	
0.018513989	
0.01629296	
0.013137115	
0.029207878	
0.03051406	
0.027164393	
0.034793651	
0.03634963	
0.03250873	
0.030725574	
0.022054641	
0.025438998	
0.018836491	
0.021777098	
0.019453601	
0.008231898	
0.015958791	
0.015275661	
0.014706184	
0.00462381	
0.010127447	
0.012092052	
0.004847301	
0.007970765	
0.011310974	
0.00134122	
0.005991009	
0.007006482	
0.005489086	
0.005110931	
0.008241381	
0.009862795	
0.009236342	
0.001803018	
0.01619944	
0.033265955	
0.034001651	
0.029750893	
0.007328245	
0.02048802	
0.030867396	
0.034395371	
0.022181964	
0.014521116	
0.04013285	
0.055911353	
0.045237646	
0.032734069	
0.110662378	
0.162742132	
0.20346982	
0.229086765	
0.248599356	
0.266072506	
0.256743821	
0.270395836	
0.343557948	
0.38326574	
0.401328498	
0.49147338	
0.501764579	
0.441062363	
0.414954043	
0.375404954	
0.333042762	
0.429536427	
0.521795104	
0.447198152	
0.327340695	
0.225943577	
0.227509743	
0.345143739	
0.284118818	
0.192530705	
0.200678109	
0.082794216	
0.125314117	
0.07236024	
0.036182619	
0.075248873	
0.026668587	
0.017478333	
0.01947601	
0.026730064	
0.022750974	
0.027797133	
0.034237339	
0.029410337	
0.036016375	
0.030549211	
0.021453591	
0.028022056	
0.037239171	
0.016595869	
0.006508786	
0.008719669	
0.00971628	
0.019520907	
0.026730064	
0.034753616	
0.036812897	
0.033728731	
0.032099628	
0.036940264	
0.026699308	
0.030549211	
0.024603676	
0.017258379	
0.018176071	
0.02256836	
0.015703628	
0.004041104	
0.001770109	
0.007943282	
0.005426253	
0.001297179	
0.010185914	
0.004886524	
0.005081594	
0.003144126	
0.003967345	
0.009473272	
0.010715193	
0.009527962	
0.001925307	
0.003775722	
0.008137669	
0.013258671	
0.017906059	
0.028119008	
0.027797133	
0.014740085	
0.041352331	
0.041783037	
0.042413098	
0.029275209	
0.037713775	
0.060743526	
0.062301715	
0.034276779	
0.067142885	
0.128233058	
0.194088588	
0.21677041	
0.194312169	
0.219028183	
0.322849412	
0.353590021	
0.411149721	
0.402253656	
0.377572191	
0.472063041	
0.532108259	
0.468813382	
0.381504794	
0.307609681	
0.324713242	
0.449779855	
0.486407206	
0.332276785	
0.250899618	
0.227509743	
0.215774441	
0.355631319	
0.249172437	
0.097274722	
0.191866874	
0.119261427	
0.051286138	
0.070388223	
0.034197944	
0.017478333	
0.035115592	
0.001122018	
0.013947617	
0.025527013	
0.016634127	
0.016387021	
0.008472274	
0.016162182	
0.019633603	
0.020346982	
0.021086281	
0.03069022	
0.035399734	
0.027195685	
0.030974193	
0.025061093	
0.024182433	
0.01378796	
0.010839269	
0.009693933	
0.012971793	
0.019431217	
0.024888573	
0.031477483	
0.030867396	
0.037110773	
0.027829154	
0.022961486	
0.021183611	
0.021330449	
0.017579236	
0.006815536	
0.003224779	
0.007473086	
0.006173053	
0.006280584	
0.004395416	
0.006508786	
0.004092607	
0.004125722	
0.005058247	
0.004747883	
0.011521261	
0.011441949	
0.01534617	
0.019588447	
0.028840315	
0.025882129	
0.007970765	
0.014588143	
0.027574015	
0.016330519	
0.021379621	
0.014979593	
0.019769696	
0.026272415	
0.032621205	
0.045972699	
0.04477133	
0.042121129	
0.067920363	
0.106659612	
0.158124804	
0.209411246	
0.189452351	
0.166532883	
0.278933066	
0.32099628	
0.360994014	
0.341192912	
0.296483139	
0.405041945	
0.518800039	
0.500034535	
0.432016168	
0.336124369	
0.330369541	
0.338064836	
0.294781348	
0.254097271	
0.313689513	
0.209170291	
0.174381336	
0.306902199	
0.178443199	
0.090157114	
0.157942861	
0.104833479	
0.033036954	
0.078072844	
0.037411059	
0.028575905	
0.053027359	
0.023307731	
0.018578045	
0.025882129	
0.036016375	
0.033884416	
0.043401026	
0.024717241	
0.011324004	
0.004487454	
0.012473835	
0.017438134	
0.019929665	
0.022054641	
0.02917427	
0.029750893	
0.028740876	
0.024831331	
0.027574015	
0.019633603	
0.013289236	
0.007177943	
0.009516998	
0.0125603	
0.019120533	
0.022777182	
0.025176769	
0.025882129	
0.022464668	
0.023741054	
0.016106456	
0.00589522	
0.004726068	
0.002757401	
0.001309182	
0.008156428	
0.007211075	
0.003296097	
0.002243882	
0.005058247	
0.006018663	
0.007038822	
0.009484185	
0.008933055	
0.016538648	
0.011885022	
0.019386526	
0.028940098	
0.020773037	
0.00674528	
0.011324004	
0.006273357	
0.010092529	
0.020440899	
0.009919733	
0.014893611	
0.029546089	
0.031117163	
0.032621205	
0.036016375	
0.060673633	
0.05242036	
0.123879659	
0.195209073	
0.219785987	
0.175994866	
0.205825889	
0.23361461	
0.268534445	
0.244624528	
0.167880402	
0.249459473	
0.380189396	
0.40973211	
0.397649096	
0.358096437	
0.341192912	
0.280220562	
0.263936832	
0.299226464	
0.284118818	
0.143383772	
0.161064564	
0.219280494	
0.111557815	
0.079707649	
0.101157945	
0.084625257	
0.028281341	
0.065313055	
0.041591061	
0.011748976	
0.028346536	
0.010268334	
0.02621199	
0.034873858	
0.035645113	
0.023659197	
0.040878975	
0.031513744	
0.038194427	
0.030902954	
0.006622165	
0.011389378	
0.012445146	
0.002735269	
0.011981191	
0.014808123	
0.01686553	
0.02048802	
0.03040885	
0.026393683	
0.022987937	
0.015417005	
0.008375293	
0.007219382	
0.006223003	
0.009343294	
0.011601122	
0.023334581	
0.020021656	
0.016143586	
0.017198873	
0.006088355	
0.007473086	
0.004255984	
0.002363197	
0.005164164	
0.005193977	
0.003176874	
0.00419759	
0.004441197	
0.002567438	
0.006737519	
0.011155782	
0.010495424	
0.006456542	
0.008840972	
0.003841493	
0.009130614	
0.009571941	
0.009954054	
0.009919733	
0.006011737	
0.020206914	
0.020511622	
0.016653288	
0.0097949	
0.026061535	
0.032771778	
0.041975898	
0.07071312	
0.082889592	
0.042024253	
0.057345587	
0.164626597	
0.201836636	
0.157217179	
0.124022363	
0.207252606	
0.28840315	
0.282162958	
0.172186857	
0.162367835	
0.264545269	
0.317687407	
0.331131121	
0.333426413	
0.331894458	
0.267916832	
0.239883292	
0.243781082	
0.214042493	
0.147570653	
0.137879595	
0.132739446	
0.096716373	
0.078795243	
0.067297666	
0.054325033	
0.015940429	
0.072443596	
0.050003453	
0.018323144	
0.025061093	
0.007762471	
0.004977371	
0.023200642	
0.030938553	
0.018836491	
0.022987937	
0.022646443	
0.045446454	
0.037713775	
0.026822546	
0.023768403	
0.02831392	
0.022284351	
0.013867558	
0.004168694	
0.005997911	
0.009749896	
0.014537844	
0.014125375	
0.018663797	
0.022310022	
0.021777098	
0.018771544	
0.01191242	
0.008689604	
0.002225871	
0.005260173	
0.01124605	
0.012793813	
0.015258084	
0.000968278	
0.003180534	
0.001559553	
0.004769798	
0.006569011	
0.002225871	
0.005182031	
0.006815536	
0.006950243	
0.007943282	
0.017599487	
0.015685559	
0.016014006	
0.010127447	
0.012735031	
0.017438134	
0.024406191	
0.011415633	
0.000928966	
0.016069413	
0.020346982	
0.014825181	
0.004758828	
0.003136895	
0.012078138	
0.011981191	
0.010315731	
0.03593354	
0.06622165	
0.068627788	
0.059224309	
0.044565625	
0.123168599	
0.184501542	
0.141416473	
0.088104887	
0.150834261	
0.229879371	
0.223100221	
0.154525444	
0.190546072	
0.311171634	
0.34673685	
0.331131121	
0.281190083	
0.282162958	
0.259716774	
0.23361461	
0.231472819	
0.183020611	
0.123737119	
0.119536353	
0.126182753	
0.082603795	
0.036770539	
0.021552616	
0.009954054	
0.052601727	
0.085113804	
0.058277377	
0.034633788	
0.049203954	
0.034474661	
0.026699308	
0.008892011	
0.008540828	
0.004050419	
0.009885531	
0.019746949	
0.034001651	
0.032359366	
0.038370725	
0.038503481	
0.037282068	
0.034954251	
0.024745715	
0.019588447	
0.018728371	
0.00938642	
0.005591135	
0.001715932	
0.009549926	
0.012589254	
0.017579236	
0.017458222	
0.015903767	
0.014962357	
0.008346415	
0.009965521	
0.007906786	
0.003597493	
0.003912911	
0.001834425	
0.007834296	
0.002404363	
0.00282488	
0.003552221	
0.004629137	
0.006194411	
0.00719449	
0.010303861	
0.012050359	
0.011830416	
0.00462381	
0.003655948	
0.011155782	
0.00613762	
0.011614486	
0.023768403	
0.024603676	
0.010665961	
0.016538648	
0.020892961	
0.008521185	
0.015014124	
0.012092052	
0.024015963	
0.026915348	
0.012882496	
0.017518624	
0.047918145	
0.059292532	
0.050640735	
0.039219315	
0.08063062	
0.118987133	
0.11708466	
0.098061831	
0.136144468	
0.204880205	
0.181760706	
0.142724983	
0.143714305	
0.223357222	
0.265460556	
0.260315483	
0.208449088	
0.256743821	
0.262724153	
0.216520988	
0.16519618	
0.073705518	
0.079707649	
0.121338885	
0.104231743	
0.055526462	
0.014689263	
0.012779092	
0.002716439	
0.046078677	
0.07227698	
0.064639799	
0.050234259	
0.057543994	
0.050524264	
0.034158595	
0.035563132	
0.020346982	
0.023523395	
0.021062019	
0.022542392	
0.026977394	
0.031915379	
0.042461956	
0.045603692	
0.034434993	
0.045446454	
0.034080032	
0.027321214	
0.020917029	
0.022935066	
0.020796967	
0.01231686	
0.01177606	
0.002264644	
0.001009253	
0.003762704	
0.011402498	
0.009268298	
0.011748976	
0.016884959	
0.012147866	
0.007700164	
0.000715319	
0.005623413	
0.005559043	
0.000375837	
0.009204496	
0.008279422	
0.01001152	
0.013947617	
0.009215099	
0.013091819	
0.011953635	
0.00697429	
0.010327614	
0.010864256	
0.012189896	
0.009919733	
0.002195331	
0.012661933	
0.020941125	
0.015434764	
0.004965923	
0.008090959	
0.008260379	
0.024632018	
0.028086654	
0.044822905	
0.041543205	
0.035318317	
0.019611012	
0.029478135	
0.051463581	
0.052966344	
0.032771778	
0.002333458	
0.023415315	
0.047369631	
0.093003651	
0.122039382	
0.120226443	
0.121059813	
0.144877185	
0.094514839	
0.080075563	
0.137562481	
0.134276496	
0.118440437	
0.162554876	
0.138516019	
0.096272001	
0.065162839	
0.065012969	
0.111943788	
0.11708466	
0.075945142	
0.040550854	
0.024518845	
0.005668916	
0.014521116	
0.028575905	
0.042266861	
0.043151908	
0.033036954	
0.037325016	
0.029410337	
0.021453591	
0.022029265	
0.024831331	
0.017080477	
0.007345139	
0.014621772	
0.012119927	
0.016904409	
0.029342695	
0.034873858	
0.032396642	
0.036266029	
0.028840315	
0.034673685	
0.029376497	
0.030095392	
0.027829154	
0.025205772	
0.021953309	
0.012345253	
0.010209395	
0.007302978	
0.004446313	
0.00467197	
0.013489629	
0.013583134	
0.014272498	
0.015170504	
0.009130614	
0.003732502	
0.008570378	
0.008570378	
0.008649679	
0.013243415	
0.010115795	
0.009440609	
0.008260379	
0.00719449	
0.008639727	
0.010864256	
0.012119927	
0.017640058	
0.014206922	
0.006737519	
0.008590135	
0.008317638	
0.011350108	
0.008462526	
0.007816278	
0.003311311	
0.014471049	
0.018793168	
0.039719155	
0.047973345	
0.038326574	
0.039355008	
0.029140701	
0.03634963	
0.057876199	
0.062950618	
0.04852885	
0.029580125	
0.027008471	
0.039174188	
0.086796058	
0.098061831	
0.064268772	
0.103752842	
0.133505759	
0.097162795	
0.097836295	
0.137720947	
0.092682982	
0.067530505	
0.06180164	
0.058546374	
0.085802511	
0.075162289	
0.075857758	
0.090782053	
0.092469817	
0.064416927	
0.037239171	
0.026760856	
0.010531737	
0.019952623	
0.040784956	
0.050524264	
0.04173496	
0.015328512	
0.022181964	
0.024717241	
0.013567505	
0.010964782	
0.016923882	
0.018879913	
0.014421154	
0.006576578	
0.004813933	
0.008365656	
0.012545847	
0.014876474	
0.020749135	
0.022987937	
0.026668587	
0.030584402	
0.024378108	
0.02837919	
0.025556419	
0.028674774	
0.023933158	
0.023120648	
0.021453591	
0.016236784	
0.00978363	
0.005539875	
0.002570396	
0.001855667	
0.009817479	
0.008279422	
0.011668096	
0.005761028	
0.010926976	
0.009162205	
0.007709035	
0.012852867	
0.007961594	
0.001203649	
0.006074353	
0.008203515	
0.010080916	
0.010653689	
0.008619856	
0.006426877	
0.008118952	
0.007345139	
0.004477133	
0.014354894	
0.013258671	
0.008994976	
0.007328245	
0.010939564	
0.012545847	
0.017680722	
0.036601594	
0.045551219	
0.035974934	
0.031117163	
0.019498446	
0.02423818	
0.039719155	
0.032210688	
0.03593354	
0.013289236	
0.029241524	
0.051463581	
0.058009617	
0.047424199	
0.023823195	
0.066069345	
0.074989421	
0.027797133	
0.040225366	
0.086397266	
0.065012969	
0.046719695	
0.058816611	
0.096161228	
0.105196187	
0.080816493	
0.070550484	
0.058411721	
0.039400343	
0.026332979	
0.021305906	
0.033304276	
0.016087924	
0.000410677	
0.024917244	
0.043802611	
0.0529054	
0.027542287	
0.014638615	
0.02579289	
0.018814817	
0.009078205	
0.006966265	
0.017599487	
0.023741054	
0.014521116	
0.009527962	
0.006508786	
0.005248075	
0.00873977	
0.003672823	
0.001845015	
0.017418069	
0.014060475	
0.015830696	
0.021037784	
0.021577444	
0.023823195	
0.022413	
0.022961486	
0.02421029	
0.021552616	
0.023878113	
0.016634127	
0.012956867	
0.009682779	
0.003499452	
0.001261828	
0.008423644	
0.007568329	
0.009908319	
0.005128614	
0.005401321	
0.005420009	
0.007252705	
0.009885531	
0.009289664	
0.010519619	
0.011363183	
0.008639727	
0.007438751	
0.003507519	
0.001440456	
0.000316957	
0.003221069	
0.006886523	
0.008943345	
0.010977413	
0.00482503	
0.011561122	
0.01629296	
0.019386526	
0.018492686	
0.023469293	
0.019998619	
0.014689263	
0.008231898	
0.015595525	
0.014979593	
0.025118864	
0.028940098	
0.010327614	
0.04477133	
0.063899874	
0.032885163	
0.034793651	
0.043752211	
0.057213695	
0.065237904	
0.065237904	
0.05451299	
0.044004795	
0.034158595	
0.043102256	
0.051404365	
0.056493697	
0.076032628	
0.071367421	
0.065087861	
0.046398079	
0.035522212	
0.0616595	
0.064268772	
0.050118723	
0.029853826	
0.010080916	
0.0125603	
0.022724796	
0.036266029	
0.034040819	
0.022054641	
0.02053525	
0.022207517	
0.029006812	
0.02016044	
0.004395416	
0.00888178	
0.012430826	
0.020511622	
0.022105483	
0.017579236	
0.012105981	
0.011681537	
0.01304668	
0.003191538	
0.000540754	
0.004931738	
0.00937562	
0.009671637	
0.016162182	
0.015100802	
0.018879913	
0.017762333	
0.020393887	
0.023905619	
0.020965248	
0.0216023	
0.019010783	
0.018217971	
0.007638358	
0.004688134	
0.006088355	
0.004154321	
0.004456562	
0.003191538	
0.008109611	
0.01081434	
0.010777053	
0.013489629	
0.011194379	
0.010727536	
0.005668916	
0.003228494	
0.002968247	
0.004212113	
0.001907656	
0.008590135	
0.004960209	
0.000860994	
0.007120328	
0.008452788	
0.008194076	
0.013520726	
0.005552646	
0.00529054	
0.009120108	
0.019860949	
0.020230192	
0.017741895	
0.009036495	
0.027765148	
0.03944573	
0.033036954	
0.016387021	
0.064565423	
0.071862116	
0.055526462	
0.073282453	
0.046773514	
0.068076936	
0.084918048	
0.07277798	
0.046773514	
0.023631974	
0.029853826	
0.038238425	
0.023686451	
0.024802759	
0.04819478	
0.043301207	
0.042707092	
0.056104798	
0.042510871	
0.056298912	
0.06273357	
0.055017392	
0.032136605	
0.014125375	
0.016519618	
0.020892961	
0.023388372	
0.0374973	
0.029750893	
0.028906799	
0.027008471	
0.024490632	
0.030549211	
0.023878113	
0.015885467	
0.007112135	
0.005902011	
0.0131069	
0.017741895	
0.012302688	
0.010115795	
0.011168632	
0.011708466	
0.011207274	
0.007236024	
0.003076097	
0.007594514	
0.000420727	
0.005236004	
0.008600031	
0.010256519	
0.01124605	
0.01557758	
0.018050947	
0.019408859	
0.016614987	
0.019543395	
0.014537844	
0.014757065	
0.002070141	
0.001815516	
0.006237348	
0.008128305	
0.015541753	
0.013031668	
0.00971628	
0.010411181	
0.010327614	
0.002694635	
0.001995262	
0.000705505	
0.003926449	
0.005140437	
0.006854882	
0.009671637	
0.009874156	
0.004639808	
0.003277178	
0.008984626	
0.007311391	
0.007038822	
0.003618262	
0.010678248	
0.011871347	
0.017968011	
0.015205475	
0.020183664	
0.017579236	
0.036517413	
0.047315126	
0.026393683	
0.026061535	
0.056298912	
0.055207744	
0.042559841	
0.052662321	
0.009605058	
0.073536	
0.062445335	
0.030199517	
0.015240528	
0.003455413	
0.026363314	
0.029444216	
0.016904409	
0.01925307	
0.030974193	
0.021355021	
0.035034829	
0.053456436	
0.037368013	
0.036982818	
0.0362243	
0.026884378	
0.011803206	
0.008609938	
0.021256903	
0.022594358	
0.014174247	
0.02432204	
0.027101916	
0.027797133	
0.027227013	
0.022387211	
0.02529298	
0.027765148	
0.03044388	
0.020868921	
0.007370552	
0.004581419	
0.004116233	
0.010256519	
0.014141647	
0.010174194	
0.0165577	
0.014521116	
0.008669619	
0.010839269	
0.004886524	
0.006698846	
0.003334264	
0.001301667	
0.002423818	
0.005963483	
0.004305266	
0.007807284	
0.012603756	
0.013474107	
0.015100802	
0.013443118	
0.017947336	
0.006194411	
0.008222426	
0.012288532	
0.009874156	
0.008719669	
0.010901845	
0.008147043	
0.001479108	
0.004216965	
0.005000345	
0.000780728	
0.003019952	
0.003706807	
0.002981948	
0.00613762	
0.007524887	
0.006223003	
0.005604024	
0.004841724	
0.009397233	
0.014554591	
0.011350108	
0.015187979	
0.014109122	
0.016387021	
0.014471049	
0.017926686	
0.018492686	
0.019032682	
0.030867396	
0.034713628	
0.024126815	
0.01557758	
0.034040819	
0.025585859	
0.024802759	
0.021802184	
0.033689922	
0.045708819	
0.032546178	
0.020393887	
0.026915348	
0.008482034	
0.031952144	
0.032471324	
0.022284351	
0.019431217	
0.008452788	
0.011130124	
0.017100153	
0.037068072	
0.029478135	
0.012720378	
0.01124605	
0.002732121	
0.015222991	
0.008443062	
0.014672361	
0.021727012	
0.020844909	
0.012022644	
0.014604947	
0.018793168	
0.032210688	
0.018706821	
0.015958791	
0.014791084	
0.024859936	
0.031441264	
0.031695675	
0.019032682	
0.005552646	
0.00414954	
0.008922776	
0.004335109	
0.009919733	
0.006412096	
0.008729714	
0.009046904	
0.007252705	
0.009225714	
0.007612021	
0.004586696	
0.002449063	
0.002172701	
0.003037386	
0.00260016	
0.002588213	
0.009130614	
0.008452788	
0.011297959	
0.01081434	
0.011130124	
0.008719669	
0.00697429	
0.008840972	
0.006280584	
0.006561453	
0.003810658	
0.004864072	
0.00293765	
0.004920395	
0.001834425	
0.003655948	
0.006768618	
0.009172759	
0.00937562	
0.008994976	
0.005834451	
0.007897688	
0.013536301	
0.012050359	
0.017438134	
0.016846124	
0.011337048	
0.008128305	
0.012459482	
0.018281002	
0.018599446	
0.01686553	
0.026242185	
0.031405087	
0.02917427	
0.014927944	
0.003330428	
0.014554591	
0.001178963	
0.021453591	
0.027352687	
0.022542392	
0.015135612	
0.022724796	
0.035892193	
0.024603676	
0.006546362	
0.028444611	
0.024294054	
0.02113489	
0.027195685	
0.021503047	
0.010901845	
0.018450154	
0.033845427	
0.019701532	
0.005327212	
0.011587774	
0.003651741	
0.012473835	
0.0143054	
0.007387543	
0.011155782	
0.017926686	
0.009649393	
0.01342765	
0.014239672	
0.018113401	
0.027957607	
0.017198873	
0.013995873	
0.015470345	
0.026332979	
0.022882317	
0.027164393	
0.018901662	
0.010926976	
0.007753539	
0.002837919	
0.006223003	
0.006287819	
0.007998343	
0.007771413	
0.009036495	
0.008560517	
0.009828789	
0.011481536	
0.003999447	
0.005284453	
0.002231002	
0.001536385	
0.001872837	
0.003702542	
0.005841172	
0.004565623	
0.007979947	
0.009616123	
0.011494762	
0.010034598	
0.005463865	
0.009321805	
0.003400165	
0.001798871	
0.005040806	
0.002084491	
0.001330454	
0.002786121	
0.003572728	
0.004549881	
0.004013285	
0.005854637	
0.00652379	
0.008279422	
0.006729767	
0.015631476	
0.016846124	
0.013931568	
0.008250875	
0.003930972	
0.009862795	
0.017988709	
0.014060475	
0.0161808	
0.014354894	
0.014011996	
0.020606299	
0.019142559	
0.017885455	
0.003224779	
0.010839269	
0.016807379	
0.01646266	
0.014504408	
0.005527134	
0.014554591	
0.025089962	
0.023469293	
0.016274213	
0.006295062	
0.025263877	
0.023550493	
0.027669416	
0.036057864	
0.026485001	
0.016443717	
0.012402236	
0.01561349	
0.015776113	
0.002588213	
0.008100279	
0.007046931	
0.010901845	
0.012882496	
0.007998343	
0.00887156	
0.014808123	
0.01001152	
0.012971793	
0.011939881	
0.004926063	
0.018050947	
0.014876474	
0.01154782	
0.002363197	
0.010876771	
0.020917029	
0.020021656	
0.018344252	
0.018492686	
0.011654671	
0.008472274	
0.005767665	
0.005445027	
0.010592537	
0.005662393	
0.003819443	
0.005489086	
0.009965521	
0.007379042	
0.010519619	
0.012133889	
0.006591739	
0.00572137	
0.001914256	
0.00490343	
0.004168694	
0.002511886	
0.008462526	
0.007533556	
0.007211075	
0.006116458	
0.005333349	
0.00202535	
0.003483373	
0.008521185	
0.001815516	
0.00474242	
0.004280554	
0.003299894	
0.004965923	
0.002978516	
0.00652379	
0.005501739	
0.010280163	
0.01342765	
0.021503047	
0.018620871	
0.014740085	
0.011494762	
0.003372873	
0.014371431	
0.018642322	
0.020868921	
0.02016044	
0.013614447	
0.017680722	
0.020844909	
0.014174247	
0.014471049	
0.010864256	
0.004036454	
0.006295062	
0.015977175	
0.008580251	
0.009311079	
0.022594358	
0.025118864	
0.021110572	
0.011871347	
0.016614987	
0.015434764	
0.019860949	
0.018365383	
0.031477483	
0.030060763	
0.020989399	
0.016519618	
0.02016044	
0.01965622	
0.008892011	
0.009246982	
0.008090959	
0.007014553	
0.004892153	
0.011601122	
0.01304668	
0.011002718	
0.007507581	
0.008580251	
0.007638358	
0.014471049	
0.006478881	
0.004639808	
0.006295062	
0.012956867	
0.005956621	
0.003890451	
0.010495424	
0.020021656	
0.02304093	
0.024688801	
0.017741895	
0.016653288	
0.007780366	
0.007664785	
0.008984626	
0.007302978	
0.004022537	
0.001001152	
0.003217363	
0.005578276	
0.007925013	
0.006652732	
0.009965521	
0.007979947	
0.00462381	
0.009671637	
0.00572137	
0.005708211	
0.006102391	
0.005956621	
0.002639368	
0.000864968	
0.005794287	
0.004102041	
0.00237684	
0.003475362	
0.006060382	
0.003694026	
0.004212113	
0.005662393	
0.002834654	
0.008231898	
0.009440609	
0.008609938	
0.012288532	
0.014437766	
0.01619944	
0.012793813	
0.003483373	
0.006287819	
0.013212956	
0.018836491	
0.021552616	
0.022335722	
0.019498446	
0.02032357	
0.019838097	
0.013835664	
0.010777053	
0.011654671	
0.005623413	
0.008820638	
0.00320258	
0.008433348	
0.010185914	
0.014655478	
0.025176769	
0.025409727	
0.014740085	
0.014190575	
0.017640058	
0.014011996	
0.015667511	
0.025733568	
0.025497641	
0.022672531	
0.012852867	
0.014223288	
0.01925307	
0.016846124	
0.008609938	
0.006652732	
0.011494762	
0.007906786	
0.005152286	
0.008472274	
0.006412096	
0.005868134	
0.007780366	
0.003741106	
0.005069907	
0.006950243	
0.008384941	
0.007490314	
0.007103952	
0.012618275	
0.009141132	
0.007396053	
0.00468274	
0.014028137	
0.014174247	
0.016143586	
0.018323144	
0.014876474	
0.010739894	
0.007219382	
0.003953666	
0.007387543	
0.007979947	
0.002555642	
0.000613762	
0.000597723	
0.005936083	
0.004355119	
0.008063062	
0.005695082	
0.005029213	
0.006831247	
0.006287819	
0.004655861	
0.005046613	
0.001715932	
0.004639808	
0.005827738	
0.001243083	
0.007934143	
0.005140437	
0.002651551	
0.00467197	
0.002262039	
0.001862087	
0.009343294	
0.007771413	
0.010629186	
0.009440609	
0.012618275	
0.015940429	
0.012574769	
0.009268298	
0.006538829	
0.00531496	
0.013304544	
0.018071741	
0.022413	
0.022724796	
0.023496328	
0.017803279	
0.016405898	
0.014723125	
0.006116458	
0.0097949	
0.009749896	
0.003999447	
0.009162205	
0.013551894	
0.01378796	
0.008433348	
0.022855988	
0.026546056	
0.020393887	
0.008118952	
0.009120108	
0.006776415	
0.016162182	
0.018238957	
0.01981527	
0.017238521	
0.009772372	
0.00162181	
0.007888601	
0.014421154	
0.0165577	
0.006215842	
0.0097949	
0.014157938	
0.011220185	
0.004280554	
0.002423818	
0.003447466	
0.008820638	
0.009942601	
0.001415794	
0.001849269	
0.006353309	
0.005655878	
0.006046444	
0.003723917	
0.003930972	
0.010901845	
0.006902398	
0.001927525	
0.001907656	
0.005847901	
0.010678248	
0.013474107	
0.011455129	
0.013091819	
0.010268334	
0.010046158	
0.011207274	
0.005064073	
0.00851138	
0.004446313	
0.001965622	
0.002694635	
0.001723852	
0.001378796	
0.00254683	
0.00564937	
0.001075227	
0.006223003	
0.004395416	
0.006258929	
0.005395106	
0.004780794	
0.00402717	
0.001879317	
0.002480276	
0.000933254	
0.001237371	
0.002082092	
0.006645077	
0.00548277	
0.006934258	
0.014791084	
0.008580251	
0.009772372	
0.011324004	
0.009257634	
0.009215099	
0.00590881	
0.006645077	
0.015310875	
0.019701532	
0.025176769	
0.029580125	
0.019230917	
0.023713737	
0.015014124	
0.011601122	
0.005655878	
0.006309573	
0.009840111	
0.006039486	
0.004106766	
0.010150794	
0.019142559	
0.01838654	
0.012147866	
0.012345253	
0.01686553	
0.012956867	
0.009364832	
0.004549881	
0.005395106	
0.012749701	
0.019543395	
0.018492686	
0.016672472	
0.005345644	
0.012647363	
0.007655966	
0.008590135	
0.023659197	
0.009649393	
0.014723125	
0.011898713	
0.007516229	
0.002910717	
0.008770008	
0.006839116	
0.010826797	
0.004430982	
0.005814334	
0.001383566	
0.00462381	
0.005520774	
0.007577047	
0.005266232	
0.0073536	
0.010185914	
0.010057731	
0.011468325	
0.008288959	
0.001154782	
0.001557758	
0.007071312	
0.010864256	
0.018281002	
0.012092052	
0.012022644	
0.007870458	
0.008222426	
0.006295062	
0.006316842	
0.005489086	
0.003819443	
0.002137962	
0.002660725	
0.003451437	
0.003209963	
0.002409905	
0.003198895	
0.002954609	
0.004031809	
0.003326596	
0.002978516	
0.00165577	
0.00097051	
0.002609156	
0.001825997	
0.002716439	
0.006807694	
0.009896919	
0.013412199	
0.010889301	
0.013182567	
0.015118197	
0.011053505	
0.009954054	
0.009462372	
0.004661224	
0.006316842	
0.011627866	
0.020868921	
0.022777182	
0.023604782	
0.025585859	
0.020773037	
0.015595525	
0.009246982	
0.004102041	
0.006854882	
0.01064143	
0.012345253	
0.007516229	
0.007177943	
0.014672361	
0.016106456	
0.014910768	
0.01164126	
0.014571357	
0.007161434	
0.010303861	
0.009193905	
0.005841172	
0.009594006	
0.004420791	
0.010057731	
0.02048802	
0.014338377	
0.007753539	
0.009109615	
0.007328245	
0.002573357	
0.010268334	
0.00561048	
0.005565446	
0.009364832	
0.008840972	
0.009516998	
0.00888178	
0.002435006	
0.008026016	
0.009954054	
0.011376273	
0.002349633	
0.005915616	
0.004926063	
0.002975089	
0.004576147	
0.002864178	
0.002236145	
0.009162205	
0.012359474	
0.007362071	
0.008902254	
0.008433348	
0.007970765	
0.00851138	
0.009484185	
0.012036494	
0.008550667	
0.008912509	
0.013091819	
0.0097051	
0.008026016	
0.008241381	
0.004523765	
0.004677351	
0.001494514	
0.004539416	
0.001497959	
0.006645077	
0.006011737	
0.002988822	
0.004869675	
0.004280554	
0.003589219	
0.004954502	
0.004581419	
0.003254618	
0.003507519	
0.006316842	
0.006854882	
0.009005338	
0.011830416	
0.012986736	
0.00993116	
0.015541753	
0.011654671	
0.009571941	
0.007219382	
0.008250875	
0.014125375	
0.02048802	
0.025733568	
0.025971677	
0.019543395	
0.016106456	
0.012189896	
0.010727536	
0.004931738	
0.005075747	
0.005774309	
0.010752266	
0.007897688	
0.010435181	
0.010616956	
0.019431217	
0.014239672	
0.006187283	
0.007943282	
0.013536301	
0.014996848	
0.008810489	
0.007161434	
0.003539973	
0.003427678	
0.006060382	
0.011816803	
0.013365955	
0.001834425	
0.011142945	
0.012927067	
0.011508004	
0.004758828	
0.003850348	
0.008501587	
0.015434764	
0.017398027	
0.009682779	
0.002930893	
0.005236004	
0.005514422	
0.005370318	
0.012260269	
0.003147748	
0.008365656	
0.00206063	
0.008241381	
0.008137669	
0.007834296	
0.007594514	
0.006353309	
0.002555642	
0.003136895	
0.008423644	
0.013803843	
0.009120108	
0.008830799	
0.002719568	
0.008892011	
0.010826797	
0.009120108	
0.011078986	
0.010914403	
0.009193905	
0.011078986	
0.007568329	
0.007879524	
0.005834451	
0.002978516	
0.004466836	
0.002103778	
0.002779713	
0.003618262	
0.000942975	
0.002722701	
0.005546257	
0.001584893	
0.002597168	
0.005552646	
0.005401321	
0.006698846	
0.007345139	
0.010952166	
0.012203938	
0.010926976	
0.01124605	
0.009682779	
0.010256519	
0.009130614	
0.004415704	
0.008609938	
0.011415633	
0.017640058	
0.024182433	
0.024518845	
0.021827299	
0.018685297	
0.01494514	
0.006382635	
0.00887156	
0.00817523	
0.011324004	
0.01157444	
0.010864256	
0.008770008	
0.011376273	
0.015170504	
0.014011996	
0.012036494	
0.00937562	
0.008521185	
0.013001696	
0.013458604	
0.008550667	
0.009193905	
0.007594514	
0.006584154	
0.009560927	
0.009649393	
0.006426877	
0.005807644	
0.006546362	
0.009026097	
0.001508343	
0.009693933	
0.011066238	
0.008759917	
0.005308844	
0.008780111	
0.005508077	
0.001286767	
0.002288232	
0.004880901	
0.001059254	
0.005734559	
0.009099133	
0.010244718	
0.00490343	
0.004008667	
0.00472063	
0.007516229	
0.011168632	
0.012133889	
0.007870458	
0.00108893	
0.004335109	
0.008250875	
0.007888601	
0.010678248	
0.008118952	
0.004004055	
0.007843321	
0.010057731	
0.010023052	
0.009919733	
0.010092529	
0.007709035	
0.004769798	
0.008501587	
0.005170113	
0.00490343	
0.008462526	
0.002540973	
0.007136742	
0.002688438	
0.004926063	
0.001766038	
0.002027683	
0.002192805	
0.000988553	
0.006251727	
0.005597576	
0.007906786	
0.009120108	
0.009151663	
0.009109615	
0.010046158	
0.006831247	
0.008609938	
0.00676083	
0.00597723	
0.007473086	
0.008729714	
0.018113401	
0.020393887	
0.023094045	
0.021256903	
0.01503142	
0.010292005	
0.009046904	
0.003797519	
0.003564511	
0.003868121	
0.011078986	
0.012956867	
0.012749701	
0.005662393	
0.009364832	
0.014109122	
0.013756248	
0.007079458	
0.005552646	
0.006032537	
0.001743813	
0.004017908	
0.010952166	
0.008482034	
0.009343294	
0.012912193	
0.004965923	
0.002828134	
0.003173219	
0.003169567	
0.00963829	
0.013273945	
0.010221156	
0.010435181	
0.008810489	
0.004370187	
0.0033458	
0.009257634	
0.006258929	
0.001458814	
0.005182031	
0.006737519	
0.001992967	
0.002944422	
0.007612021	
0.007286182	
0.005284453	
0.002691535	
0.003061963	
0.007559621	
0.008570378	
0.005546257	
0.004154321	
0.004709773	
0.004864072	
0.005655878	
0.011053505	
0.007524887	
0.007413102	
0.006950243	
0.00561048	
0.006237348	
0.009516998	
0.009727472	
0.01081434	
0.006201546	
0.008269895	
0.010447202	
0.006807694	
0.007370552	
0.006807694	
0.007735707	
0.003981072	
0.003435579	
0.004841724	
0.001680738	
0.00131069	
0.00282163	
0.001460495	
0.003491403	
0.009046904	
0.006389987	
0.009885531	
0.013772095	
0.007594514	
0.008222426	
0.006622165	
0.006130558	
0.00578096	
0.007277798	
0.012927067	
0.015014124	
0.020300185	
0.026242185	
0.01979247	
0.013243415	
0.013016673	
0.008026016	
0.00093218	
0.000968278	
0.006815536	
0.011117317	
0.011468325	
0.010678248	
0.010507515	
0.009965521	
0.005351802	
0.013197753	
0.007498942	
0.003033891	
0.006266139	
0.003544051	
0.00578762	
0.009354057	
0.010690549	
0.006273357	
0.009204496	
0.005223962	
0.001110453	
0.004560369	
0.005093309	
0.003698282	
0.010665961	
0.00840427	
0.00697429	
0.006614545	
0.001986095	
0.005211947	
0.002246467	
0.005370318	
0.007612021	
0.009311079	
0.00375405	
0.0035359	
0.00448229	
0.004405549	
0.002954609	
0.004064433	
0.006966265	
0.002763758	
0.002792544	
0.004069115	
0.001704119	
0.003006076	
0.003576844	
0.006074353	
0.00281514	
0.005260173	
0.005451299	
0.00616595	
0.008729714	
0.006287819	
0.006652732	
0.004994592	
0.006316842	
0.006576578	
0.008820638	
0.008090959	
0.008241381	
0.008820638	
0.009594006	
0.008689604	
0.007063176	
0.008260379	
0.004914734	
0.002685344	
0.002009093	
0.00060256	
0.003655948	
0.004666594	
0.007186212	
0.007691304	
0.010292005	
0.009749896	
0.010292005	
0.009582967	
0.008719669	
0.009649393	
0.007302978	
0.003564511	
0.010483348	
0.012203938	
0.017378008	
0.020701413	
0.021110572	
0.019297453	
0.018879913	
0.011534533	
0.002857591	
0.005681984	
0.004688134	
0.010495424	
0.007943282	
0.014223288	
0.014571357	
0.008800351	
0.009036495	
0.007473086	
0.011521261	
0.008800351	
0.002053525	
0.002776515	
0.001266193	
0.000552713	
0.00676083	
0.009429746	
0.013121999	
0.010185914	
0.009896919	
0.005087448	
0.00450298	
0.0017002	
0.004335109	
0.006331404	
0.003235937	
0.010256519	
0.009440609	
0.008452788	
0.005495409	
0.002941034	
0.00762079	
0.006478881	
0.009462372	
0.005868134	
0.002485994	
0.007998343	
0.006714289	
0.004709773	
0.006338697	
0.006412096	
0.005093309	
0.005284453	
0.006338697	
0.001851399	
0.003133286	
0.005266232	
0.00674528	
0.001931968	
0.002312065	
0.001228853	
0.006039486	
0.005565446	
0.00724436	
0.007585776	
0.00762079	
0.007202778	
0.003531832	
0.000950605	
0.00600482	
0.00726106	
0.00482503	
0.008462526	
0.006561453	
0.008521185	
0.007219382	
0.007682455	
0.004639808	
0.00589522	
0.004415704	
0.003589219	
0.005794287	
0.003971915	
0.007063176	
0.008719669	
0.007507581	
0.010256519	
0.005463865	
0.004661224	
0.009057326	
0.00578096	
0.009462372	
0.007252705	
0.011194379	
0.017599487	
0.016634127	
0.020393887	
0.017080477	
0.015867189	
0.006280584	
0.006729767	
0.005081594	
0.004926063	
0.007807284	
0.01250259	
0.014011996	
0.010115795	
0.006714289	
0.005508077	
0.008770008	
0.00697429	
0.006404718	
0.005046613	
0.00312968	
0.000812831	
0.003411929	
0.00092045	
0.006215842	
0.007022633	
0.007413102	
0.008679606	
0.006737519	
0.009616123	
0.004791815	
0.003894933	
0.002529298	
0.004549881	
0.004698941	
0.00251478	
0.006419482	
0.006053409	
0.011350108	
0.005395106	
0.003155005	
0.003544051	
0.00277332	
0.003926449	
0.005584702	
0.00695825	
0.006180164	
0.002805434	
0.006792036	
0.002673006	
0.001525808	
0.006025596	
0.004097321	
0.003926449	
0.004886524	
0.00375405	
0.005508077	
0.00906776	
0.009321805	
0.004310226	
0.00227248	
0.00326964	
0.010665961	
0.010435181	
0.006698846	
0.008570378	
0.010543869	
0.009549926	
0.003495425	
0.00472063	
0.006187283	
0.005963483	
0.004629137	
0.007638358	
0.005426253	
0.007095778	
0.006367955	
0.00326964	
0.003247132	
0.003677054	
0.004581419	
0.007550922	
0.006508786	
0.006375291	
0.007906786	
0.007834296	
0.005761028	
0.005527134	
0.006683439	
0.005514422	
0.006807694	
0.013505168	
0.011735457	
0.013335214	
0.017864876	
0.01440456	
0.010483348	
0.007022633	
0.003868121	
0.001970153	
0.007438751	
0.007798301	
0.006158855	
0.01164126	
0.009015711	
0.011194379	
0.00699842	
0.002669931	
0.008212966	
0.006397348	
0.005029213	
0.000859014	
0.003334264	
0.001283808	
0.003885975	
0.001238797	
0.008482034	
0.00726106	
0.006776415	
0.007717915	
0.008861352	
0.00608135	
0.000968278	
0.001261828	
0.001952091	
0.004451435	
0.005827738	
0.007328245	
0.013182567	
0.01123311	
0.012676519	
0.009236342	
0.004544645	
0.001122018	
0.004207266	
0.005302736	
0.004251087	
0.000903649	
0.004528976	
0.005539875	
0.008462526	
0.005741165	
0.003589219	
0.005164164	
0.004607868	
0.004661224	
0.001912053	
0.007319813	
0.005351802	
0.006691138	
0.006886523	
0.005629891	
0.0035359	
0.001872837	
0.005211947	
0.005451299	
0.00851138	
0.007979947	
0.009988494	
0.007144963	
0.006942246	
0.008260379	
0.003564511	
0.005508077	
0.004523765	
0.003815048	
0.00531496	
0.007294575	
0.006990367	
0.004920395	
0.005193977	
0.004666594	
0.004004055	
0.004880901	
0.00597723	
0.006722023	
0.009257634	
0.005058247	
0.003728207	
0.006538829	
0.00674528	
0.011350108	
0.010423174	
0.011939881	
0.013772095	
0.012676519	
0.012986736	
0.011066238	
0.009429746	
0.006714289	
0.006784221	
0.005754399	
0.004395416	
0.007336687	
0.007542234	
0.011627866	
0.008912509	
0.003144126	
0.004726068	
0.001321296	
0.004909079	
0.003903912	
0.004315191	
0.004111497	
0.002700847	
0.002210548	
0.004008667	
0.005565446	
0.005881661	
0.002429405	
0.006194411	
0.005571857	
0.007870458	
0.005110931	
0.004036454	
0.002741574	
0.000636796	
0.002805434	
9.6272E-05	
0.008540828	
0.010851755	
0.007294575	
0.008147043	
0.00817523	
0.00476431	
0.000808165	
0.003706807	
0.003206269	
0.004819478	
0.004004055	
0.002246467	
0.00525412	
0.00461849	
0.006039486	
0.005158222	
0.00614469	
0.005922431	
0.003090295	
0.002401596	
0.0030304	
0.00316592	
0.004914734	
0.008810489	
0.008241381	
0.0073536	
0.003265878	
0.000949511	
0.004202425	
0.008053784	
0.006419482	
0.00590881	
0.009560927	
0.009332543	
0.008336812	
0.008222426	
0.008007556	
0.003660159	
0.00242661	
0.00578762	
0.00616595	
0.002249055	
0.008433348	
0.005040806	
0.005734559	
0.005701643	
0.004050419	
0.009885531	
0.005636377	
0.005370318	
0.006637431	
0.004607868	
0.00762079	
0.010315731	
0.005827738	
0.011735457	
0.008260379	
0.013614447	
0.01372461	
0.015187979	
0.008462526	
0.006389987	
0.007753539	
0.006419482	
0.0035359	
0.00697429	
0.010327614	
0.005401321	
0.007673615	
0.011389378	
0.007843321	
0.003235937	
0.00320258	
0.00610942	
0.004508167	
0.001440456	
0.003990249	
0.001443777	
0.000930037	
0.003076097	
0.004819478	
0.005364139	
0.006714289	
0.00697429	
0.005578276	
0.005401321	
0.000517607	
0.00134122	
0.003698282	
0.005035006	
0.003552221	
0.004415704	
0.006316842	
0.010580349	
0.010977413	
0.007286182	
0.008580251	
0.004802861	
0.005501739	
0.004400479	
0.005023426	
0.004897788	
0.003859224	
0.003643343	
0.007961594	
0.00561048	
0.001674943	
0.006501297	
0.004163897	
0.005559043	
0.001836538	
0.004948801	
0.000404576	
0.00360994	
0.005242036	
0.00214783	
0.006194411	
0.006215842	
0.007430191	
0.004097321	
0.0012218	
0.002167704	
0.004607868	
0.006990367	
0.009141132	
0.00590881	
0.00597723	
0.007612021	
0.009088663	
0.006870684	
0.007396053	
0.005260173	
0.00450298	
0.003985658	
0.004937419	
0.004528976	
0.008026016	
0.007568329	
0.006934258	
0.00341586	
0.006576578	
0.004704354	
0.00316592	
0.005675446	
0.008279422	
0.009885531	
0.008689604	
0.010839269	
0.012603756	
0.012022644	
0.006501297	
0.010244718	
0.00937562	
0.002808665	
0.004395416	
0.00578762	
0.003668597	
0.005182031	
0.007286182	
0.008550667	
0.009527962	
0.007336687	
0.004425884	
0.00564937	
0.00266379	
0.008279422	
0.001529326	
0.000451856	
0.001036335	
0.002910717	
0.002884032	
0.004280554	
0.00258226	
0.003280953	
0.005991009	
0.006102391	
0.00589522	
0.002390562	
0.003322768	
0.00266379	
0.001713957	
0.001198119	
0.001749847	
0.007870458	
0.00561048	
0.008659643	
0.010423174	
0.006345999	
0.007879524	
0.003556313	
0.00379315	
0.003531832	
0.002910717	
0.002719568	
0.002320064	
0.005734559	
0.006353309	
0.004875285	
0.002118361	
0.00374973	
0.005546257	
0.008560517	
0.003548134	
0.003552221	
0.002460368	
0.001460495	
0.002811901	
0.002657664	
0.00887156	
0.00610942	
0.005520774	
0.006831247	
0.00600482	
0.004983105	
0.004726068	
0.003958221	
0.005868134	
0.007387543	
0.007071312	
0.004178304	
0.004246196	
0.008433348	
0.006441693	
0.006553903	
0.004847301	
0.007079458	
0.003158639	
0.005501739	
0.005052426	
0.003357376	
0.005539875	
0.004948801	
0.003775722	
0.004265795	
0.004216965	
0.005861382	
0.008194076	
0.008570378	
0.012302688	
0.007516229	
0.012603756	
0.012473835	
0.007269424	
0.00522998	
0.005662393	
0.007328245	
0.004534193	
0.004461696	
0.005546257	
0.005874894	
0.006691138	
0.009862795	
0.010592537	
0.008780111	
0.005552646	
0.004570882	
0.003243396	
0.00386367	
0.002798981	
0.002688438	
0.001279381	
0.000850159	
0.00356041	
0.002860882	
0.006753051	
0.00572796	
0.006737519	
0.006102391	
0.001417425	
0.003552221	
0.005533501	
0.003315126	
0.002958012	
0.001023293	
0.00151705	
0.00419759	
0.002818383	
0.003677054	
0.005662393	
0.003930972	
0.007943282	
0.003780071	
0.005075747	
0.001995262	
0.003315126	
0.003404082	
0.006854882	
0.001737801	
0.00459727	
0.005854637	
0.003265878	
0.002290868	
0.00204409	
0.002387811	
0.005701643	
0.005140437	
0.0035359	
0.000574778	
0.004775293	
0.007311391	
0.00597723	
0.004931738	
0.006338697	
0.00590881	
0.005688529	
0.005081594	
0.004576147	
0.005508077	
0.007046931	
0.006982324	
0.00468274	
0.005040806	
0.005520774	
0.003455413	
0.003126079	
0.00531496	
0.004041104	
0.004926063	
0.001905461	
0.004405549	
0.003467369	
0.005382698	
0.003618262	
0.005584702	
0.002657664	
0.004909079	
0.004330121	
0.006215842	
0.010104155	
0.00888178	
0.010715193	
0.011337048	
0.011721954	
0.009954054	
0.006569011	
0.005272299	
0.003651741	
0.000519996	
0.003702542	
0.00610942	
0.004275629	
0.007120328	
0.010629186	
0.010990058	
0.005888437	
0.007362071	
0.005963483	
0.003037386	
0.004226686	
0.001534617	
0.000672977	
0.00216521	
0.001113012	
0.001525808	
0.005514422	
0.010256519	
0.007103952	
0.004698941	
0.003837072	
0.003334264	
0.003702542	
0.00600482	
0.001586719	
0.001909853	
0.002282969	
0.000513452	
0.003122482	
0.004350108	
0.004698941	
0.00610942	
0.002831392	
0.008090959	
0.00699842	
0.004300312	
0.003173219	
0.004471982	
0.003151374	
0.003072557	
0.000907821	
0.00474242	
0.005508077	
0.004456562	
0.005915616	
0.004897788	
0.003392345	
0.000604644	
0.008639727	
0.006280584	
0.001243083	
0.004270709	
0.005432503	
0.005539875	
0.007989139	
0.00608135	
0.004931738	
0.003292305	
0.002606154	
0.006123504	
0.004518559	
0.004102041	
0.001711985	
0.004446313	
0.007516229	
0.006123504	
0.004390359	
0.003967345	
0.004549881	
0.005451299	
0.003556313	
0.004736963	
0.002645453	
0.005642869	
0.003576844	
0.006591739	
0.001501412	
0.003198895	
0.002811901	
0.003277178	
0.007379042	
0.005426253	
0.007789328	
0.010653689	
0.009896919	
0.010889301	
0.008590135	
0.006737519	
0.003065491	
0.004666594	
0.004813933	
0.004125722	
0.003981072	
0.004523765	
0.006546362	
0.008560517	
0.006729767	
0.010046158	
0.004202425	
0.002633298	
0.004183117	
0.00468274	
0.001381974	
0.002200392	
0.002491724	
0.004226686	
0.001532851	
0.002457537	
0.004013285	
0.005623413	
0.007153194	
0.003832657	
0.00282163	
0.001251699	
0.002190282	
0.004508167	
0.002612161	
0.002732121	
0.00282163	
0.004087898	
0.004231555	
0.00108019	
0.001191242	
0.001101539	
0.002262039	
0.003926449	
0.007473086	
0.005688529	
0.005552646	
0.002133045	
0.001857804	
0.002828134	
0.004886524	
0.002155262	
0.004360136	
0.003723917	
0.003801894	
0.007269424	
0.004144766	
0.003061963	
0.001534617	
0.003376758	
0.004355119	
0.004050419	
0.004275629	
0.005110931	
0.008974288	
0.00695825	
0.006862779	
0.004758828	
0.003552221	
0.005514422	
0.003361244	
0.004581419	
0.004390359	
0.003427678	
0.005170113	
0.004666594	
0.008922776	
0.007998343	
0.003605786	
0.005035006	
0.004897788	
0.003940034	
0.005333349	
0.005629891	
0.00578096	
0.004120975	
0.000895365	
0.004539416	
0.005489086	
0.006419482	
0.008016781	
0.010901845	
0.008580251	
0.009300365	
0.008759917	
0.00646398	
0.003262121	
0.005552646	
0.004688134	
0.003940034	
0.004797334	
0.005395106	
0.009594006	
0.005662393	
0.007473086	
0.011857687	
0.009141132	
0.003711077	
0.006776415	
0.003191538	
0.002624219	
0.004544645	
0.002333458	
0.000969393	
0.002451884	
0.002624219	
0.004693534	
0.003990249	
0.005963483	
0.006815536	
0.004560369	
0.000810961	
0.002463202	
0.002657664	
0.003044388	
0.002037042	
0.00236592	
0.002454709	
0.002079697	
0.004875285	
0.002941034	
0.002210548	
0.000830807	
0.005006106	
0.005099176	
0.007753539	
0.006990367	
0.004523765	
0.005006106	
0.000425598	
0.004310226	
0.001970153	
0.000712033	
0.002225871	
0.004078496	
0.004869675	
0.002034698	
0.004087898	
0.004446313	
0.009397233	
0.002992265	
0.001227439	
0.002457537	
0.000620155	
0.004008667	
0.002941034	
0.003292305	
0.006815536	
0.007843321	
0.007046931	
0.001999862	
0.005260173	
0.004813933	
0.004144766	
0.005116818	
0.002466039	
0.002837919	
0.006230171	
0.006060382	
0.00490343	
0.005662393	
0.003361244	
0.00058479	
0.001713957	
0.007655966	
0.004994592	
0.004135233	
0.00058479	
0.005741165	
0.003400165	
0.007302978	
0.008156428	
0.008560517	
0.012735031	
0.012852867	
0.00646398	
0.006130558	
0.007055048	
0.004786301	
0.00289068	
0.002691535	
0.006668068	
0.008128305	
0.00610942	
0.004059757	
0.008053784	
0.008974288	
0.004497799	
0.006831247	
0.003872576	
0.003372873	
0.002887354	
0.001952091	
0.00246888	
0.00196336	
0.001597718	
0.002304093	
0.002597168	
0.002415461	
0.003643343	
0.004797334	
0.005888437	
0.003971915	
0.002471724	
0.002707073	
0.001764006	
0.004102041	
0.002567438	
0.001862087	
0.00510505	
0.004092607	
0.00450298	
0.003155005	
0.003801894	
0.000432016	
0.003576844	
0.005321083	
0.003303695	
0.005029213	
0.006966265	
0.004613176	
0.00476431	
0.00396278	
0.000875992	
0.00216521	
0.002382319	
0.004456562	
0.001484226	
0.001958845	
0.005888437	
0.006039486	
0.007227698	
0.002887354	
0.000611646	
0.00610942	
0.003443499	
0.002027683	
0.002880713	
0.003147748	
0.004073803	
0.004202425	
0.007038822	
0.007277798	
0.006404718	
0.001564948	
0.002802206	
0.00204409	
0.006591739	
0.004410624	
0.004813933	
0.004226686	
0.009268298	
0.006553903	
0.001220394	
0.002220752	
0.004780794	
0.001715932	
0.004116233	
0.003647539	
0.003273407	
0.003971915	
0.007071312	
0.007328245	
0.009397233	
0.009225714	
0.007006482	
0.009693933	
0.00590881	
0.004886524	
0.00316592	
0.005688529	
0.006870684	
0.006792036	
0.006486344	
0.006280584	
0.009215099	
0.009549926	
0.008090959	
0.007153194	
0.004420791	
0.002642409	
0.002157744	
0.001830206	
0.004073803	
0.002645453	
0.001438799	
0.003147748	
0.004017908	
0.002954609	
0.000323966	
0.002195331	
0.004852885	
0.004909079	
0.002805434	
0.001929745	
0.002719568	
0.005807644	
0.003013006	
0.001482518	
0.003051406	
0.002591194	
0.001927525	
0.000672202	
0.001894524	
0.004139997	
0.001358313	
0.004645153	
0.007277798	
0.007970765	
0.008184648	
0.005351802	
0.00726106	
0.006471426	
0.006538829	
0.001160112	
0.001663413	
0.002063004	
0.000901571	
0.000971628	
0.002744732	
0.004960209	
0.003184198	
0.003601638	
0.004008667	
0.006668068	
0.005688529	
0.003999447	
0.001885819	
0.004629137	
0.00363915	
0.004135233	
0.005942922	
0.006553903	
0.007577047	
0.005714786	
0.005922431	
0.00652379	
0.004221823	
0.00065539	
0.003850348	
0.002540973	
0.005193977	
0.005357967	
0.004466836	
0.007277798	
0.006251727	
0.004758828	
0.002802206	
0.001492794	
0.003100987	
0.003111716	
0.005445027	
0.006074353	
0.004937419	
0.009671637	
0.006926279	
0.007112135	
0.00674528	
0.003122482	
0.006309573	
0.003728207	
0.003890451	
0.004954502	
0.00561048	
0.008943345	
0.009828789	
0.00652379	
0.008521185	
0.009516998	
0.007396053	
0.00620869	
0.002215644	
0.001058035	
0.002341531	
0.006173053	
0.001093956	
0.000880035	
0.002697739	
0.00254683	
0.002474571	
0.001515305	
0.003630781	
0.003447466	
0.002269865	
0.004139997	
0.001671091	
0.003357376	
0.000705505	
0.002679168	
0.002111057	
0.002133045	
0.001472313	
0.002992265	
0.005642869	
0.002728978	
0.005188	
0.004677351	
0.001415794	
0.00092683	
0.005308844	
0.005451299	
0.00459727	
0.004555122	
0.004613176	
0.007961594	
0.005963483	
0.00561048	
0.003837072	
0.000934329	
0.004375221	
0.005629891	
0.001751862	
0.000832722	
0.003630781	
0.005714786	
0.005376504	
0.004886524	
0.001729816	
0.002904023	
0.003576844	
0.001749847	
0.002951209	
0.001788546	
0.004008667	
0.005942922	
0.002744732	
0.006266139	
0.008669619	
0.002951209	
0.00293765	
0.001322818	
0.00064121	
0.005035006	
0.00600482	
0.003019952	
0.005827738	
0.004365158	
0.00676083	
0.003133286	
0.004246196	
0.002910717	
0.002293507	
0.000977237	
0.004385307	
0.007771413	
0.005827738	
0.009851446	
0.010339511	
0.00963829	
0.006280584	
0.007169684	
0.00474242	
0.005087448	
0.003334264	
0.004255984	
0.008629785	
0.005388898	
0.011376273	
0.0096272	
0.005854637	
0.00472063	
0.005597576	
0.007046931	
0.002920788	
0.000862979	
0.003334264	
0.001245948	
0.002106202	
0.003209963	
0.001282331	
0.001673016	
0.001078947	
0.003877037	
0.002508996	
0.003715352	
0.004613176	
0.002077304	
0.00196336	
0.004430982	
0.002618183	
0.003108136	
0.001764006	
0.003408003	
0.006729767	
0.00261517	
0.001599558	
0.004069115	
0.004202425	
0.003090295	
0.003850348	
0.003376758	
0.005591135	
0.004977371	
0.009193905	
0.007700164	
0.009693933	
0.004275629	
0.006130558	
0.002627242	
0.000724436	
0.001183042	
0.001328924	
0.003047895	
0.001999862	
0.00219786	
0.003953666	
0.005040806	
0.005847901	
0.010629186	
0.007387543	
0.002732121	
0.001688496	
0.003224779	
0.00289068	
0.001830206	
0.000978363	
0.001350517	
0.008413951	
0.006331404	
0.007370552	
0.005949768	
0.003859224	
0.004508167	
0.00312968	
0.001313711	
0.002795761	
0.00679986	
0.007120328	
0.003585089	
0.003872576	
0.006088355	
0.00597723	
0.003788785	
0.006426877	
0.002930893	
0.00548277	
0.009473272	
0.008269895	
0.00614469	
0.007455899	
0.008531001	
0.005463865	
0.002725838	
0.003213661	
0.00451336	
0.004943107	
0.00699842	
0.007507581	
0.008590135	
0.006180164	
0.0083946	
0.006637431	
0.006266139	
0.004045759	
0.002190282	
0.002401596	
0.000189234	
0.002744732	
0.001361445	
0.004275629	
0.001097741	
0.001821797	
0.00316592	
0.004221823	
0.006660395	
0.001667247	
0.002387811	
0.002115924	
0.003326596	
0.004808393	
0.00451336	
0.000705505	
0.003806274	
0.006683439	
0.004064433	
0.002700847	
0.002694635	
0.004909079	
0.004111497	
0.002624219	
0.002238721	
0.0017002	
0.003859224	
0.003568617	
0.005495409	
0.005854637	
0.005868134	
0.005146358	
0.006382635	
0.005040806	
0.003930972	
0.003419794	
0.001834425	
0.001506607	
0.005278372	
0.001515305	
0.000438531	
0.003985658	
0.00222331	
0.004971644	
0.007717915	
0.007430191	
0.005011872	
0.003801894	
0.004045759	
0.00608135	
0.003195214	
0.001331987	
0.002175204	
0.001715932	
0.005211947	
0.005164164	
0.007227698	
0.005266232	
0.001071519	
0.002766942	
0.003475362	
0.004954502	
0.002162719	
0.002401596	
0.003151374	
0.007735707	
0.005333349	
0.001352073	
0.006894456	
0.004965923	
0.00490343	
0.00620869	
0.003758374	
0.007542234	
0.006645077	
0.004704354	
0.002396073	
0.006501297	
0.00589522	
0.004251087	
0.005110931	
0.006353309	
0.005357967	
0.006902398	
0.004602566	
0.010080916	
0.009193905	
0.003706807	
0.002907368	
0.003837072	
0.001267652	
0.004097321	
0.002421029	
0.004355119	
0.002330773	
0.003491403	
0.002328091	
0.001790606	
0.001243083	
0.003040885	
0.00547016	
0.00368553	
0.002202926	
0.001298674	
0.003284732	
0.001992967	
0.005058247	
0.001592209	
0.001055602	
0.004340103	
0.001979247	
0.00260016	
0.002880713	
0.004629137	
0.006187283	
0.00467197	
0.001805095	
0.003564511	
0.003411929	
0.003296097	
0.004405549	
0.006230171	
0.005915616	
0.008580251	
0.009343294	
0.006784221	
0.00547016	
0.003209963	
0.002744732	
0.000511093	
0.003144126	
0.000453419	
0.003981072	
0.005827738	
0.004451435	
0.002288232	
0.001196741	
0.005984116	
0.006237348	
0.00610942	
0.002435006	
0.00293765	
0.00312968	
0.000500611	
0.003985658	
0.000628058	
0.002058259	
0.006088355	
0.00616595	
0.006360628	
0.008250875	
0.003169567	
0.002341531	
0.002357762	
0.003593354	
0.00646398	
0.005308844	
0.005266232	
0.007227698	
0.005457579	
0.002985383	
0.001749847	
0.004747883	
